Using pre-set license
Built from '2021.3/china_unity/release' branch; Version is '2021.3.38f1c1 (ff265c8f058d) revision 16721500'; Using compiler version '192829333'; Build Type 'Release'
OS: 'Windows 10  (10.0.19045) 64bit Professional' Language: 'zh' Physical Memory: 32581 MB
BatchMode: 1, IsHumanControllingUs: 0, StartBugReporterOnCrash: 0, Is64bit: 1, IsPro: 1

COMMAND LINE ARGUMENTS:
C:\Program Files\Unity\Hub\Editor\2021.3.38f1c1\Editor\Unity.exe
-adb2
-batchMode
-noUpm
-name
AssetImportWorker0
-projectPath
E:/UnityProject/StarForce
-logFile
Logs/AssetImportWorker0.log
-srvPort
52096
Successfully changed project path to: E:/UnityProject/StarForce
E:/UnityProject/StarForce
[UnityMemory] Configuration Parameters - Can be set up in boot.config
    "memorysetup-bucket-allocator-granularity=16"
    "memorysetup-bucket-allocator-bucket-count=8"
    "memorysetup-bucket-allocator-block-size=33554432"
    "memorysetup-bucket-allocator-block-count=8"
    "memorysetup-main-allocator-block-size=16777216"
    "memorysetup-thread-allocator-block-size=16777216"
    "memorysetup-gfx-main-allocator-block-size=16777216"
    "memorysetup-gfx-thread-allocator-block-size=16777216"
    "memorysetup-cache-allocator-block-size=4194304"
    "memorysetup-typetree-allocator-block-size=2097152"
    "memorysetup-profiler-bucket-allocator-granularity=16"
    "memorysetup-profiler-bucket-allocator-bucket-count=8"
    "memorysetup-profiler-bucket-allocator-block-size=33554432"
    "memorysetup-profiler-bucket-allocator-block-count=8"
    "memorysetup-profiler-allocator-block-size=16777216"
    "memorysetup-profiler-editor-allocator-block-size=1048576"
    "memorysetup-temp-allocator-size-main=16777216"
    "memorysetup-job-temp-allocator-block-size=2097152"
    "memorysetup-job-temp-allocator-block-size-background=1048576"
    "memorysetup-job-temp-allocator-reduction-small-platforms=262144"
    "memorysetup-temp-allocator-size-background-worker=32768"
    "memorysetup-temp-allocator-size-job-worker=262144"
    "memorysetup-temp-allocator-size-preload-manager=33554432"
    "memorysetup-temp-allocator-size-nav-mesh-worker=65536"
    "memorysetup-temp-allocator-size-audio-worker=65536"
    "memorysetup-temp-allocator-size-cloud-worker=32768"
    "memorysetup-temp-allocator-size-gi-baking-worker=262144"
    "memorysetup-temp-allocator-size-gfx=262144"
Player connection [22452] Host "[IP] 192.168.1.2 [Port] 0 [Flags] 2 [Guid] 342125818 [EditorId] 342125818 [Version] 1048832 [Id] WindowsEditor(7,DESKTOP-GVONH01) [Debug] 1 [PackageName] WindowsEditor [ProjectName] Editor" joined multi-casting on [225.0.0.222:54997]...

Player connection [22452] Host "[IP] 192.168.1.2 [Port] 0 [Flags] 2 [Guid] 342125818 [EditorId] 342125818 [Version] 1048832 [Id] WindowsEditor(7,DESKTOP-GVONH01) [Debug] 1 [PackageName] WindowsEditor [ProjectName] Editor" joined alternative multi-casting on [225.0.0.222:34997]...

AS: AutoStreaming module initializing.
[Physics::Module] Initialized MultithreadedJobDispatcher with {0} workers.
Refreshing native plugins compatible for Editor in 49.45 ms, found 3 plugins.
Preloading 0 native plugins for Editor in 0.00 ms.
Initialize engine version: 2021.3.38f1c1 (ff265c8f058d)
[Subsystems] Discovering subsystems at path C:/Program Files/Unity/Hub/Editor/2021.3.38f1c1/Editor/Data/Resources/UnitySubsystems
[Subsystems] Discovering subsystems at path E:/UnityProject/StarForce/Assets
GfxDevice: creating device client; threaded=0; jobified=0
Direct3D:
    Version:  Direct3D 11.0 [level 11.1]
    Renderer: NVIDIA GeForce RTX 4060 Ti (ID=0x2803)
    Vendor:   NVIDIA
    VRAM:     16109 MB
    Driver:   32.0.15.6094
Initialize mono
Mono path[0] = 'C:/Program Files/Unity/Hub/Editor/2021.3.38f1c1/Editor/Data/Managed'
Mono path[1] = 'C:/Program Files/Unity/Hub/Editor/2021.3.38f1c1/Editor/Data/MonoBleedingEdge/lib/mono/unityjit-win32'
Mono config path = 'C:/Program Files/Unity/Hub/Editor/2021.3.38f1c1/Editor/Data/MonoBleedingEdge/etc'
Using monoOptions --debugger-agent=transport=dt_socket,embedding=1,server=y,suspend=n,address=127.0.0.1:56300
Begin MonoManager ReloadAssembly
Registering precompiled unity dll's ...
Register platform support module: C:/Program Files/Unity/Hub/Editor/2021.3.38f1c1/Editor/Data/PlaybackEngines/WebGLSupport/UnityEditor.WebGL.Extensions.dll
Register platform support module: C:/Program Files/Unity/Hub/Editor/2021.3.38f1c1/Editor/Data/PlaybackEngines/AndroidPlayer/UnityEditor.Android.Extensions.dll
Register platform support module: C:/Program Files/Unity/Hub/Editor/2021.3.38f1c1/Editor/Data/PlaybackEngines/WindowsStandaloneSupport/UnityEditor.WindowsStandalone.Extensions.dll
Registered in 0.005885 seconds.
Native extension for WindowsStandalone target not found
Native extension for Android target not found
Android Extension - Scanning For ADB Devices 286 ms
Native extension for WebGL target not found
Refreshing native plugins compatible for Editor in 50.87 ms, found 3 plugins.
Preloading 0 native plugins for Editor in 0.00 ms.
Mono: successfully reloaded assembly
- Completed reload, in  0.820 seconds
Domain Reload Profiling:
	ReloadAssembly (820ms)
		BeginReloadAssembly (97ms)
			ExecutionOrderSort (0ms)
			DisableScriptedObjects (0ms)
			BackupInstance (0ms)
			ReleaseScriptingObjects (0ms)
			CreateAndSetChildDomain (1ms)
		EndReloadAssembly (647ms)
			LoadAssemblies (91ms)
			RebuildTransferFunctionScriptingTraits (0ms)
			SetupTypeCache (74ms)
			ReleaseScriptCaches (0ms)
			RebuildScriptCaches (19ms)
			SetupLoadedEditorAssemblies (519ms)
				LogAssemblyErrors (0ms)
				InitializePlatformSupportModulesInManaged (359ms)
				SetLoadedEditorAssemblies (0ms)
				RefreshPlugins (51ms)
				BeforeProcessingInitializeOnLoad (1ms)
				ProcessInitializeOnLoadAttributes (74ms)
				ProcessInitializeOnLoadMethodAttributes (33ms)
				AfterProcessingInitializeOnLoad (0ms)
				EditorAssembliesLoaded (0ms)
			ExecutionOrderSort2 (0ms)
			AwakeInstancesAfterBackupRestoration (0ms)
Platform modules already initialized, skipping
Registering precompiled user dll's ...
Registered in 0.007231 seconds.
Begin MonoManager ReloadAssembly
Native extension for WindowsStandalone target not found
Native extension for Android target not found
Native extension for WebGL target not found
Refreshing native plugins compatible for Editor in 0.74 ms, found 3 plugins.
Preloading 0 native plugins for Editor in 0.00 ms.
Package Manager log level set to [2]
[Package Manager] Server::EnsureServerProcessIsRunning -- launch failed, reason: Unity was launched with the -noUpm command-line argument
[Package Manager] Cannot connect to Unity Package Manager local server
Mono: successfully reloaded assembly
- Completed reload, in  1.181 seconds
Domain Reload Profiling:
	ReloadAssembly (1182ms)
		BeginReloadAssembly (98ms)
			ExecutionOrderSort (0ms)
			DisableScriptedObjects (4ms)
			BackupInstance (0ms)
			ReleaseScriptingObjects (0ms)
			CreateAndSetChildDomain (13ms)
		EndReloadAssembly (992ms)
			LoadAssemblies (78ms)
			RebuildTransferFunctionScriptingTraits (0ms)
			SetupTypeCache (181ms)
			ReleaseScriptCaches (0ms)
			RebuildScriptCaches (46ms)
			SetupLoadedEditorAssemblies (662ms)
				LogAssemblyErrors (0ms)
				InitializePlatformSupportModulesInManaged (21ms)
				SetLoadedEditorAssemblies (0ms)
				RefreshPlugins (1ms)
				BeforeProcessingInitializeOnLoad (66ms)
				ProcessInitializeOnLoadAttributes (548ms)
				ProcessInitializeOnLoadMethodAttributes (16ms)
				AfterProcessingInitializeOnLoad (9ms)
				EditorAssembliesLoaded (0ms)
			ExecutionOrderSort2 (0ms)
			AwakeInstancesAfterBackupRestoration (5ms)
Platform modules already initialized, skipping
========================================================================
Worker process is ready to serve import requests
Launched and connected shader compiler UnityShaderCompiler.exe after 0.04 seconds
Refreshing native plugins compatible for Editor in 0.38 ms, found 3 plugins.
Preloading 0 native plugins for Editor in 0.00 ms.
Unloading 3370 Unused Serialized files (Serialized files now loaded: 0)
Unloading 27 unused Assets / (38.2 KB). Loaded Objects now: 3830.
Memory consumption went from 118.5 MB to 118.4 MB.
Total: 1.960100 ms (FindLiveObjects: 0.162000 ms CreateObjectMapping: 0.069700 ms MarkObjects: 1.673900 ms  DeleteObjects: 0.053600 ms)

AssetImportParameters requested are different than current active one (requested -> active):
  custom:video-decoder-ogg-theora: a1e56fd34408186e4bbccfd4996cb3dc -> 
  custom:container-muxer-webm: aa71ff27fc2769a1b78a27578f13a17b -> 
  custom:container-demuxer-webm: 4f35f7cbe854078d1ac9338744f61a02 -> 
  custom:video-encoder-webm-vp8: eb34c28f22e8b96e1ab97ce403110664 -> 
  custom:CustomObjectIndexerAttribute: bc11b3a6c3213fcdd17b65e7da85e133 -> 
  custom:audio-encoder-webm-vorbis: bf7c407c2cedff20999df2af8eb42d56 -> 
  custom:framework-win-MediaFoundation: 216162199b28c13a410421893ffa2e32 -> 
  custom:SearchIndexIgnoredProperties: e643bd26f0fe6173181afceb89e7c659 -> 
  custom:container-demuxer-ogg: 62fdf1f143b41e24485cea50d1cbac27 -> 
  custom:video-decoder-webm-vp8: 9c59270c3fd7afecdb556c50c9e8de78 -> 
  custom:audio-decoder-ogg-vorbis: bf7c407c2cedff20999df2af8eb42d56 -> 
========================================================================
Received Import Request.
  Time since last request: 330733.171220 seconds.
  path: Assets/StarForce Launcher.unity
  artifactKey: Guid(9d2d51bf0fc3dfc42908e3a7a64f4feb) Importer(815301076,1909f56bfc062723c751e8b465ee728b)
Number of updated assets reloaded before import = 0
Start importing Assets/StarForce Launcher.unity using Guid(9d2d51bf0fc3dfc42908e3a7a64f4feb) Importer(815301076,1909f56bfc062723c751e8b465ee728b)  -> (artifact id: 'cd0a0e1c35e45873b4de273b489d711d') in 0.006231 seconds 
Number of asset objects unloaded after import = 0
========================================================================
Received Import Request.
  Time since last request: 200.197654 seconds.
  path: Assets/GameMain/Materials/part_star_mat.mat
  artifactKey: Guid(185f97f18bd603a478461ce9c08bd039) Importer(815301076,1909f56bfc062723c751e8b465ee728b)
Number of updated assets reloaded before import = 0
Start importing Assets/GameMain/Materials/part_star_mat.mat using Guid(185f97f18bd603a478461ce9c08bd039) Importer(815301076,1909f56bfc062723c751e8b465ee728b)  -> (artifact id: '21d126d9dd3437bdda9349daddfe048b') in 0.090889 seconds 
Number of asset objects unloaded after import = 2
========================================================================
Received Import Request.
  Time since last request: 42.523011 seconds.
  path: Assets/GameMain/Configs/AudioMixer.mixer
  artifactKey: Guid(b7317ff76310723499b9d88117cd0191) Importer(815301076,1909f56bfc062723c751e8b465ee728b)
Number of updated assets reloaded before import = 0
Start importing Assets/GameMain/Configs/AudioMixer.mixer using Guid(b7317ff76310723499b9d88117cd0191) Importer(815301076,1909f56bfc062723c751e8b465ee728b)  -> (artifact id: '5ac946f2cd598e1a06ff499501ef7f53') in 0.004536 seconds 
Number of asset objects unloaded after import = 26
========================================================================
Received Import Request.
  Time since last request: 1.249297 seconds.
  path: Assets/GameMain/Configs/DebuggerSkin.guiskin
  artifactKey: Guid(a4c1cc1e6676f0e48a527bad48941f98) Importer(815301076,1909f56bfc062723c751e8b465ee728b)
Number of updated assets reloaded before import = 0
Start importing Assets/GameMain/Configs/DebuggerSkin.guiskin using Guid(a4c1cc1e6676f0e48a527bad48941f98) Importer(815301076,1909f56bfc062723c751e8b465ee728b)  -> (artifact id: '17458acf30e875744b35ae56b2c6eff6') in 0.006352 seconds 
Number of asset objects unloaded after import = 1
========================================================================
Received Import Request.
  Time since last request: 11.699218 seconds.
  path: Assets/GameMain/Configs/DefaultConfig.bytes
  artifactKey: Guid(7fd11dc5d29076d469d414dec2818f11) Importer(815301076,1909f56bfc062723c751e8b465ee728b)
Number of updated assets reloaded before import = 0
Start importing Assets/GameMain/Configs/DefaultConfig.bytes using Guid(7fd11dc5d29076d469d414dec2818f11) Importer(815301076,1909f56bfc062723c751e8b465ee728b)  -> (artifact id: '4dd55e8f3d2fd14e7f846c993f4e30da') in 0.002397 seconds 
Number of asset objects unloaded after import = 1
========================================================================
Received Import Request.
  Time since last request: 0.715646 seconds.
  path: Assets/GameMain/Configs/DefaultConfig.txt
  artifactKey: Guid(44c8db52241385c45bbb14a1718f17bf) Importer(815301076,1909f56bfc062723c751e8b465ee728b)
Number of updated assets reloaded before import = 0
Start importing Assets/GameMain/Configs/DefaultConfig.txt using Guid(44c8db52241385c45bbb14a1718f17bf) Importer(815301076,1909f56bfc062723c751e8b465ee728b)  -> (artifact id: 'f68967ad557d6c321f4192637d517ad4') in 0.009628 seconds 
Number of asset objects unloaded after import = 1
========================================================================
Received Import Request.
  Time since last request: 1.856680 seconds.
  path: Assets/GameMain/Configs/DataTableCodeTemplate.txt
  artifactKey: Guid(b59e9a408a3f52a4f98d733a6163b171) Importer(815301076,1909f56bfc062723c751e8b465ee728b)
Number of updated assets reloaded before import = 0
Start importing Assets/GameMain/Configs/DataTableCodeTemplate.txt using Guid(b59e9a408a3f52a4f98d733a6163b171) Importer(815301076,1909f56bfc062723c751e8b465ee728b)  -> (artifact id: '71db93745c4f3620e7bff06479eae172') in 0.002234 seconds 
Number of asset objects unloaded after import = 1
========================================================================
Received Import Request.
  Time since last request: 0.354932 seconds.
  path: Assets/GameMain/Configs/BuildInfo.txt
  artifactKey: Guid(0f949a7f73d128547b1314a7e471f19f) Importer(815301076,1909f56bfc062723c751e8b465ee728b)
Number of updated assets reloaded before import = 0
Start importing Assets/GameMain/Configs/BuildInfo.txt using Guid(0f949a7f73d128547b1314a7e471f19f) Importer(815301076,1909f56bfc062723c751e8b465ee728b)  -> (artifact id: 'e2ed6fa771f77ef2e2451bbf5b346729') in 0.001327 seconds 
Number of asset objects unloaded after import = 1
========================================================================
Received Import Request.
  Time since last request: 1.505551 seconds.
  path: Assets/GameMain/Configs/BuildSettings.xml
  artifactKey: Guid(79e65cd785b714f4f80e9a0a69af438e) Importer(815301076,1909f56bfc062723c751e8b465ee728b)
Number of updated assets reloaded before import = 0
Start importing Assets/GameMain/Configs/BuildSettings.xml using Guid(79e65cd785b714f4f80e9a0a69af438e) Importer(815301076,1909f56bfc062723c751e8b465ee728b)  -> (artifact id: '3c5fdb6d66b89e33472c49c5a3306806') in 0.004318 seconds 
Number of asset objects unloaded after import = 1
========================================================================
Received Import Request.
  Time since last request: 6.082719 seconds.
  path: Assets/GameMain/DataTables/Aircraft.bytes
  artifactKey: Guid(4a17d2c656f5c6b44a31e3ee547a76b0) Importer(815301076,1909f56bfc062723c751e8b465ee728b)
Number of updated assets reloaded before import = 0
Start importing Assets/GameMain/DataTables/Aircraft.bytes using Guid(4a17d2c656f5c6b44a31e3ee547a76b0) Importer(815301076,1909f56bfc062723c751e8b465ee728b)  -> (artifact id: 'a2d7b6fade1146a9d97b1deb8ad04fa9') in 0.001709 seconds 
Number of asset objects unloaded after import = 1
========================================================================
Received Import Request.
  Time since last request: 0.604963 seconds.
  path: Assets/GameMain/DataTables/Armor.bytes
  artifactKey: Guid(239366f83979ffa48a45dac2f0f1e8cb) Importer(815301076,1909f56bfc062723c751e8b465ee728b)
Number of updated assets reloaded before import = 0
Start importing Assets/GameMain/DataTables/Armor.bytes using Guid(239366f83979ffa48a45dac2f0f1e8cb) Importer(815301076,1909f56bfc062723c751e8b465ee728b)  -> (artifact id: '7e082dc82250e3812383bc5482a3a7fd') in 0.001592 seconds 
Number of asset objects unloaded after import = 1
========================================================================
Received Import Request.
  Time since last request: 0.354282 seconds.
  path: Assets/GameMain/DataTables/Armor.txt
  artifactKey: Guid(b2cebe04343227945bab3729ca9a3493) Importer(815301076,1909f56bfc062723c751e8b465ee728b)
Number of updated assets reloaded before import = 0
Start importing Assets/GameMain/DataTables/Armor.txt using Guid(b2cebe04343227945bab3729ca9a3493) Importer(815301076,1909f56bfc062723c751e8b465ee728b)  -> (artifact id: '5ee85337380a50f6319518926b6648a0') in 0.001413 seconds 
Number of asset objects unloaded after import = 1
========================================================================
Received Import Request.
  Time since last request: 0.316117 seconds.
  path: Assets/GameMain/DataTables/Asteroid.txt
  artifactKey: Guid(ad56aae2bb0f2ce4a86711287e14e223) Importer(815301076,1909f56bfc062723c751e8b465ee728b)
Number of updated assets reloaded before import = 0
Start importing Assets/GameMain/DataTables/Asteroid.txt using Guid(ad56aae2bb0f2ce4a86711287e14e223) Importer(815301076,1909f56bfc062723c751e8b465ee728b)  -> (artifact id: '9df6406886b5f9bdd5ce609157016b61') in 0.001345 seconds 
Number of asset objects unloaded after import = 1
========================================================================
Received Import Request.
  Time since last request: 1.777927 seconds.
  path: Assets/GameMain/DataTables/Aircraft.txt
  artifactKey: Guid(64f3bb52c6a54854688fcc656af2b1c9) Importer(815301076,1909f56bfc062723c751e8b465ee728b)
Number of updated assets reloaded before import = 0
Start importing Assets/GameMain/DataTables/Aircraft.txt using Guid(64f3bb52c6a54854688fcc656af2b1c9) Importer(815301076,1909f56bfc062723c751e8b465ee728b)  -> (artifact id: '1cecf334fca743d811f784570c95c146') in 0.001624 seconds 
Number of asset objects unloaded after import = 1
========================================================================
Received Import Request.
  Time since last request: 5.608405 seconds.
  path: Assets/GameMain/DataTables/Entity.bytes
  artifactKey: Guid(97d117308cf86924289e81e7e71dd5dd) Importer(815301076,1909f56bfc062723c751e8b465ee728b)
Number of updated assets reloaded before import = 0
Start importing Assets/GameMain/DataTables/Entity.bytes using Guid(97d117308cf86924289e81e7e71dd5dd) Importer(815301076,1909f56bfc062723c751e8b465ee728b)  -> (artifact id: '49759c8fa6bcb9c6c0d045819a850960') in 0.001961 seconds 
Number of asset objects unloaded after import = 1
========================================================================
Received Import Request.
  Time since last request: 0.476324 seconds.
  path: Assets/GameMain/DataTables/Entity.txt
  artifactKey: Guid(cfe53cf384344bd47a8680f8c5f97a7b) Importer(815301076,1909f56bfc062723c751e8b465ee728b)
Number of updated assets reloaded before import = 0
Start importing Assets/GameMain/DataTables/Entity.txt using Guid(cfe53cf384344bd47a8680f8c5f97a7b) Importer(815301076,1909f56bfc062723c751e8b465ee728b)  -> (artifact id: '39741cf5eb1cfe191e74dfa8c8fb703e') in 0.001356 seconds 
Number of asset objects unloaded after import = 1
========================================================================
Received Import Request.
  Time since last request: 0.610611 seconds.
  path: Assets/GameMain/DataTables/Music.txt
  artifactKey: Guid(315e8ed2db27c254cb3366ff0793cd90) Importer(815301076,1909f56bfc062723c751e8b465ee728b)
Number of updated assets reloaded before import = 0
Start importing Assets/GameMain/DataTables/Music.txt using Guid(315e8ed2db27c254cb3366ff0793cd90) Importer(815301076,1909f56bfc062723c751e8b465ee728b)  -> (artifact id: 'ea8c367272200c780d8e27c0ee9241eb') in 0.001955 seconds 
Number of asset objects unloaded after import = 1
========================================================================
Received Import Request.
  Time since last request: 0.688728 seconds.
  path: Assets/GameMain/DataTables/Scene.bytes
  artifactKey: Guid(fdb5edd099d06b045af609ba3172400a) Importer(815301076,1909f56bfc062723c751e8b465ee728b)
Number of updated assets reloaded before import = 0
Start importing Assets/GameMain/DataTables/Scene.bytes using Guid(fdb5edd099d06b045af609ba3172400a) Importer(815301076,1909f56bfc062723c751e8b465ee728b)  -> (artifact id: '52390380b3cbf07019918863b869f49c') in 0.001855 seconds 
Number of asset objects unloaded after import = 1
========================================================================
Received Import Request.
  Time since last request: 0.474136 seconds.
  path: Assets/GameMain/DataTables/Scene.txt
  artifactKey: Guid(a71f8bb1b1b2c51438e2bafc884cb02c) Importer(815301076,1909f56bfc062723c751e8b465ee728b)
Number of updated assets reloaded before import = 0
Start importing Assets/GameMain/DataTables/Scene.txt using Guid(a71f8bb1b1b2c51438e2bafc884cb02c) Importer(815301076,1909f56bfc062723c751e8b465ee728b)  -> (artifact id: '64e4fcc19eb65f9ee961da68a4afdff4') in 0.001802 seconds 
Number of asset objects unloaded after import = 1
========================================================================
Received Import Request.
  Time since last request: 1.354553 seconds.
  path: Assets/GameMain/DataTables/Sound.bytes
  artifactKey: Guid(9c3faac13c8ced84a9f3018303b7bb98) Importer(815301076,1909f56bfc062723c751e8b465ee728b)
Number of updated assets reloaded before import = 0
Start importing Assets/GameMain/DataTables/Sound.bytes using Guid(9c3faac13c8ced84a9f3018303b7bb98) Importer(815301076,1909f56bfc062723c751e8b465ee728b)  -> (artifact id: '5309c3ddf6871e03dad53329bbb10d09') in 0.001395 seconds 
Number of asset objects unloaded after import = 1
========================================================================
Received Import Request.
  Time since last request: 0.939572 seconds.
  path: Assets/GameMain/DataTables/Sound.txt
  artifactKey: Guid(372a8b1e52bedc64b9207b12d167afaa) Importer(815301076,1909f56bfc062723c751e8b465ee728b)
Number of updated assets reloaded before import = 0
Start importing Assets/GameMain/DataTables/Sound.txt using Guid(372a8b1e52bedc64b9207b12d167afaa) Importer(815301076,1909f56bfc062723c751e8b465ee728b)  -> (artifact id: '227ecfb8a04a258ccbe27a374ee9fbbd') in 0.001389 seconds 
Number of asset objects unloaded after import = 1
========================================================================
Received Import Request.
  Time since last request: 1.737759 seconds.
  path: Assets/GameMain/DataTables
  artifactKey: Guid(e26a71e8fdced3541a5c691a5d8da0e7) Importer(815301076,1909f56bfc062723c751e8b465ee728b)
Number of updated assets reloaded before import = 0
Start importing Assets/GameMain/DataTables using Guid(e26a71e8fdced3541a5c691a5d8da0e7) Importer(815301076,1909f56bfc062723c751e8b465ee728b)  -> (artifact id: 'e169f3522d46eb9a2e68afd34be974b5') in 0.001533 seconds 
Number of asset objects unloaded after import = 0
========================================================================
Received Import Request.
  Time since last request: 2.313562 seconds.
  path: Assets/GameMain/Entities/Asteroid01.prefab
  artifactKey: Guid(7d5f7699d6d1d48e485ac71126e12061) Importer(815301076,1909f56bfc062723c751e8b465ee728b)
Number of updated assets reloaded before import = 0
Start importing Assets/GameMain/Entities/Asteroid01.prefab using Guid(7d5f7699d6d1d48e485ac71126e12061) Importer(815301076,1909f56bfc062723c751e8b465ee728b)  -> (artifact id: 'fa13f4f42a577f421f62137656219ed7') in 0.171510 seconds 
Number of asset objects unloaded after import = 14
========================================================================
Received Import Request.
  Time since last request: 3.027242 seconds.
  path: Assets/GameMain/Entities/Asteroid02.prefab
  artifactKey: Guid(9143e2b62ad50488482f9b73672fc331) Importer(815301076,1909f56bfc062723c751e8b465ee728b)
Number of updated assets reloaded before import = 0
Start importing Assets/GameMain/Entities/Asteroid02.prefab using Guid(9143e2b62ad50488482f9b73672fc331) Importer(815301076,1909f56bfc062723c751e8b465ee728b)  -> (artifact id: '92b6f913cf497613d1a7b8d45d96a7d2') in 0.030430 seconds 
Number of asset objects unloaded after import = 14
========================================================================
Received Import Request.
  Time since last request: 0.511550 seconds.
  path: Assets/GameMain/Entities/Asteroid03.prefab
  artifactKey: Guid(834bfaee90a9d4e04b1e8c1ca22cc88e) Importer(815301076,1909f56bfc062723c751e8b465ee728b)
Number of updated assets reloaded before import = 0
Start importing Assets/GameMain/Entities/Asteroid03.prefab using Guid(834bfaee90a9d4e04b1e8c1ca22cc88e) Importer(815301076,1909f56bfc062723c751e8b465ee728b)  -> (artifact id: '4abb64f77b53cca193f4b4c48f70294e') in 0.009546 seconds 
Number of asset objects unloaded after import = 14
========================================================================
Received Import Request.
  Time since last request: 0.618293 seconds.
  path: Assets/GameMain/Entities/DefaultArmor.prefab
  artifactKey: Guid(0992f89f84d762f478fd32f8225168b0) Importer(815301076,1909f56bfc062723c751e8b465ee728b)
Number of updated assets reloaded before import = 0
Start importing Assets/GameMain/Entities/DefaultArmor.prefab using Guid(0992f89f84d762f478fd32f8225168b0) Importer(815301076,1909f56bfc062723c751e8b465ee728b)  -> (artifact id: '2cb90fe97f5b5ada9815d4a89ebd1c0b') in 0.002226 seconds 
Number of asset objects unloaded after import = 4
========================================================================
Received Import Request.
  Time since last request: 0.441873 seconds.
  path: Assets/GameMain/Entities/AsteroidExplosion.prefab
  artifactKey: Guid(a6d58f54ce5934781962a4f887e834f3) Importer(815301076,1909f56bfc062723c751e8b465ee728b)
Number of updated assets reloaded before import = 0
Start importing Assets/GameMain/Entities/AsteroidExplosion.prefab using Guid(a6d58f54ce5934781962a4f887e834f3) Importer(815301076,1909f56bfc062723c751e8b465ee728b)  -> (artifact id: '91220e7b6cfb8de68774d158f1161286') in 0.025715 seconds 
Number of asset objects unloaded after import = 25
========================================================================
Received Import Request.
  Time since last request: 0.106473 seconds.
  path: Assets/GameMain/Entities/AsteroidExplosion.prefab
  artifactKey: Guid(a6d58f54ce5934781962a4f887e834f3) Importer(815301076,1909f56bfc062723c751e8b465ee728b)
Number of updated assets reloaded before import = 0
Start importing Assets/GameMain/Entities/AsteroidExplosion.prefab using Guid(a6d58f54ce5934781962a4f887e834f3) Importer(815301076,1909f56bfc062723c751e8b465ee728b)  -> (artifact id: '206253f4de28fed00b888195c7b5763a') in 0.008121 seconds 
Number of asset objects unloaded after import = 25
========================================================================
Received Import Request.
  Time since last request: 1.125192 seconds.
  path: Assets/GameMain/Entities/DefaultWeapon.prefab
  artifactKey: Guid(abd1565e9e268f04cac3631d022b4ace) Importer(815301076,1909f56bfc062723c751e8b465ee728b)
Number of updated assets reloaded before import = 0
Start importing Assets/GameMain/Entities/DefaultWeapon.prefab using Guid(abd1565e9e268f04cac3631d022b4ace) Importer(815301076,1909f56bfc062723c751e8b465ee728b)  -> (artifact id: '6cc451a5b917546ab48d511eb9ea47f1') in 0.002384 seconds 
Number of asset objects unloaded after import = 4
========================================================================
Received Import Request.
  Time since last request: 0.407297 seconds.
  path: Assets/GameMain/Entities/EnemyBolt.prefab
  artifactKey: Guid(11e27c26ac87b40f0a62ec40d7261989) Importer(815301076,1909f56bfc062723c751e8b465ee728b)
Number of updated assets reloaded before import = 0
Start importing Assets/GameMain/Entities/EnemyBolt.prefab using Guid(11e27c26ac87b40f0a62ec40d7261989) Importer(815301076,1909f56bfc062723c751e8b465ee728b)  -> (artifact id: '05c42a5e7917af9d14c11474fe4d564a') in 0.005975 seconds 
Number of asset objects unloaded after import = 12
========================================================================
Received Import Request.
  Time since last request: 2.641748 seconds.
  path: Assets/GameMain/Entities/EnemyEngine.prefab
  artifactKey: Guid(fedd25a3c60e7ae499fc6efab9ee180b) Importer(815301076,1909f56bfc062723c751e8b465ee728b)
Number of updated assets reloaded before import = 0
Start importing Assets/GameMain/Entities/EnemyEngine.prefab using Guid(fedd25a3c60e7ae499fc6efab9ee180b) Importer(815301076,1909f56bfc062723c751e8b465ee728b)  -> (artifact id: 'bd98c81dadad07b8e4aa706b3c128b3b') in 0.006380 seconds 
Number of asset objects unloaded after import = 8
========================================================================
Received Import Request.
  Time since last request: 0.357835 seconds.
  path: Assets/GameMain/Entities/EnemyExplosion.prefab
  artifactKey: Guid(160925a6fe2664f2a978566b819f0af0) Importer(815301076,1909f56bfc062723c751e8b465ee728b)
Number of updated assets reloaded before import = 0
Start importing Assets/GameMain/Entities/EnemyExplosion.prefab using Guid(160925a6fe2664f2a978566b819f0af0) Importer(815301076,1909f56bfc062723c751e8b465ee728b)  -> (artifact id: '74bb8d1294d2c28e8f5cc5e5eba22cd9') in 0.009327 seconds 
Number of asset objects unloaded after import = 34
========================================================================
Received Import Request.
  Time since last request: 0.089935 seconds.
  path: Assets/GameMain/Entities/EnemyExplosion.prefab
  artifactKey: Guid(160925a6fe2664f2a978566b819f0af0) Importer(815301076,1909f56bfc062723c751e8b465ee728b)
Number of updated assets reloaded before import = 0
Start importing Assets/GameMain/Entities/EnemyExplosion.prefab using Guid(160925a6fe2664f2a978566b819f0af0) Importer(815301076,1909f56bfc062723c751e8b465ee728b)  -> (artifact id: '8d9a7c36b657d040e29bc64963d15c39') in 0.008605 seconds 
Number of asset objects unloaded after import = 34
========================================================================
Received Import Request.
  Time since last request: 0.418766 seconds.
  path: Assets/GameMain/Entities/EnemyShip.prefab
  artifactKey: Guid(afc18fc39ade3744397c0c993b57be53) Importer(815301076,1909f56bfc062723c751e8b465ee728b)
Number of updated assets reloaded before import = 0
Start importing Assets/GameMain/Entities/EnemyShip.prefab using Guid(afc18fc39ade3744397c0c993b57be53) Importer(815301076,1909f56bfc062723c751e8b465ee728b)  -> (artifact id: 'c37b14d7e4e042f50ed9bf12bbe98d0f') in 0.138234 seconds 
Number of asset objects unloaded after import = 21
========================================================================
Received Import Request.
  Time since last request: 3.081390 seconds.
  path: Assets/GameMain/Entities/PlayerBolt.prefab
  artifactKey: Guid(f4ec271e525e14ca9927a07e6a2e153d) Importer(815301076,1909f56bfc062723c751e8b465ee728b)
Number of updated assets reloaded before import = 0
Start importing Assets/GameMain/Entities/PlayerBolt.prefab using Guid(f4ec271e525e14ca9927a07e6a2e153d) Importer(815301076,1909f56bfc062723c751e8b465ee728b)  -> (artifact id: '465a18fd52d14ef4927f9974737b906b') in 0.006260 seconds 
Number of asset objects unloaded after import = 12
========================================================================
Received Import Request.
  Time since last request: 1.228836 seconds.
  path: Assets/GameMain/Entities/PlayerEngine.prefab
  artifactKey: Guid(8cf749fdfa5edc3478d16893efeaa0eb) Importer(815301076,1909f56bfc062723c751e8b465ee728b)
Number of updated assets reloaded before import = 0
Start importing Assets/GameMain/Entities/PlayerEngine.prefab using Guid(8cf749fdfa5edc3478d16893efeaa0eb) Importer(815301076,1909f56bfc062723c751e8b465ee728b)  -> (artifact id: 'a9d2c6f8576b962c2628f56dfe7069b9') in 0.007410 seconds 
Number of asset objects unloaded after import = 16
========================================================================
Received Import Request.
  Time since last request: 0.432212 seconds.
  path: Assets/GameMain/Entities/PlayerExplosion.prefab
  artifactKey: Guid(3455fe69f7ddc4604b95bf9b0a1e88d7) Importer(815301076,1909f56bfc062723c751e8b465ee728b)
Number of updated assets reloaded before import = 0
Start importing Assets/GameMain/Entities/PlayerExplosion.prefab using Guid(3455fe69f7ddc4604b95bf9b0a1e88d7) Importer(815301076,1909f56bfc062723c751e8b465ee728b)  -> (artifact id: '0111337461f98455adb15002d78c7de9') in 0.008816 seconds 
Number of asset objects unloaded after import = 39
========================================================================
Received Import Request.
  Time since last request: 0.000092 seconds.
  path: Assets/GameMain/Materials/part_blast_mat.mat
  artifactKey: Guid(1cfe02ffd0b74854ea5bcd1a3c63ac3c) Importer(815301076,1909f56bfc062723c751e8b465ee728b)
Number of updated assets reloaded before import = 0
Start importing Assets/GameMain/Materials/part_blast_mat.mat using Guid(1cfe02ffd0b74854ea5bcd1a3c63ac3c) Importer(815301076,1909f56bfc062723c751e8b465ee728b)  -> (artifact id: '61d50d48484915aaade6de80f3464734') in 0.005801 seconds 
Number of asset objects unloaded after import = 2
========================================================================
Received Import Request.
  Time since last request: 0.098541 seconds.
  path: Assets/GameMain/Entities/PlayerExplosion.prefab
  artifactKey: Guid(3455fe69f7ddc4604b95bf9b0a1e88d7) Importer(815301076,1909f56bfc062723c751e8b465ee728b)
Number of updated assets reloaded before import = 0
Start importing Assets/GameMain/Entities/PlayerExplosion.prefab using Guid(3455fe69f7ddc4604b95bf9b0a1e88d7) Importer(815301076,1909f56bfc062723c751e8b465ee728b)  -> (artifact id: '203c89c804c10688e401ec8d374370ec') in 0.014833 seconds 
Number of asset objects unloaded after import = 39
========================================================================
Received Import Request.
  Time since last request: 0.339866 seconds.
  path: Assets/GameMain/Entities/PlayerShip.prefab
  artifactKey: Guid(738bdf56857a65f479c367c7b62c4ad7) Importer(815301076,1909f56bfc062723c751e8b465ee728b)
Number of updated assets reloaded before import = 0
Start importing Assets/GameMain/Entities/PlayerShip.prefab using Guid(738bdf56857a65f479c367c7b62c4ad7) Importer(815301076,1909f56bfc062723c751e8b465ee728b)  -> (artifact id: '66bd3a18b1e71be6bbf470aa81c6162a') in 0.007784 seconds 
Number of asset objects unloaded after import = 22
========================================================================
Received Import Request.
  Time since last request: 1.274580 seconds.
  path: Assets/GameMain/Fonts
  artifactKey: Guid(1d7ecb029ed444b498c036cbfed748b3) Importer(815301076,1909f56bfc062723c751e8b465ee728b)
Number of updated assets reloaded before import = 0
Start importing Assets/GameMain/Fonts using Guid(1d7ecb029ed444b498c036cbfed748b3) Importer(815301076,1909f56bfc062723c751e8b465ee728b)  -> (artifact id: '44281b7da6bf71ced68db8818b6d097c') in 0.001689 seconds 
Number of asset objects unloaded after import = 0
========================================================================
Received Import Request.
  Time since last request: 7.216829 seconds.
  path: Assets/GameMain/Localization/ChineseSimplified/Dictionaries/Default.xml
  artifactKey: Guid(9be2e1e45f4edd74c8764538ad306b78) Importer(815301076,1909f56bfc062723c751e8b465ee728b)
Number of updated assets reloaded before import = 0
Start importing Assets/GameMain/Localization/ChineseSimplified/Dictionaries/Default.xml using Guid(9be2e1e45f4edd74c8764538ad306b78) Importer(815301076,1909f56bfc062723c751e8b465ee728b)  -> (artifact id: 'e12dbd132ae79d5ca75acef931b9f20b') in 0.001799 seconds 
Number of asset objects unloaded after import = 1
========================================================================
Received Import Request.
  Time since last request: 9.459685 seconds.
  path: Assets/StreamingAssets
  artifactKey: Guid(fa53b8776f6a8ce4598fe035cb4356b8) Importer(815301076,1909f56bfc062723c751e8b465ee728b)
Number of updated assets reloaded before import = 0
Start importing Assets/StreamingAssets using Guid(fa53b8776f6a8ce4598fe035cb4356b8) Importer(815301076,1909f56bfc062723c751e8b465ee728b)  -> (artifact id: '6627d14a980285130cca1075e77906fa') in 0.001699 seconds 
Number of asset objects unloaded after import = 0
========================================================================
Received Import Request.
  Time since last request: 2.637856 seconds.
  path: Assets/GameMain/UI/UIForms/AboutForm.prefab
  artifactKey: Guid(3aa539b1e46111d4299a83c73ebe762c) Importer(815301076,1909f56bfc062723c751e8b465ee728b)
Number of updated assets reloaded before import = 0
Start importing Assets/GameMain/UI/UIForms/AboutForm.prefab using Guid(3aa539b1e46111d4299a83c73ebe762c) Importer(815301076,1909f56bfc062723c751e8b465ee728b)  -> (artifact id: '239f1370b68c39506c1da762eb398dfd') in 0.008645 seconds 
Number of asset objects unloaded after import = 45
========================================================================
Received Import Request.
  Time since last request: 0.923019 seconds.
  path: Assets/GameMain/UI/UIForms/DialogForm.prefab
  artifactKey: Guid(04d7dde7615d71b4db1a0c8d67a62e95) Importer(815301076,1909f56bfc062723c751e8b465ee728b)
Number of updated assets reloaded before import = 0
Start importing Assets/GameMain/UI/UIForms/DialogForm.prefab using Guid(04d7dde7615d71b4db1a0c8d67a62e95) Importer(815301076,1909f56bfc062723c751e8b465ee728b)  -> (artifact id: 'f7825af4e9db939d3b4a92a6e3ae7cd4') in 0.004070 seconds 
Number of asset objects unloaded after import = 109
========================================================================
Received Import Request.
  Time since last request: 0.840974 seconds.
  path: Assets/GameMain/UI/UIForms/MenuForm.prefab
  artifactKey: Guid(09966b19e546cc94aa84d0743cb2a83d) Importer(815301076,1909f56bfc062723c751e8b465ee728b)
Number of updated assets reloaded before import = 0
Start importing Assets/GameMain/UI/UIForms/MenuForm.prefab using Guid(09966b19e546cc94aa84d0743cb2a83d) Importer(815301076,1909f56bfc062723c751e8b465ee728b)  -> (artifact id: '4a8e066375503f0ef29b48b9cb654a49') in 0.003701 seconds 
Number of asset objects unloaded after import = 70
========================================================================
Received Import Request.
  Time since last request: 0.581346 seconds.
  path: Assets/GameMain/UI/UIForms/SettingForm.prefab
  artifactKey: Guid(bbfd75fe6fe00e1448fe988173ede7f9) Importer(815301076,1909f56bfc062723c751e8b465ee728b)
Number of updated assets reloaded before import = 0
Start importing Assets/GameMain/UI/UIForms/SettingForm.prefab using Guid(bbfd75fe6fe00e1448fe988173ede7f9) Importer(815301076,1909f56bfc062723c751e8b465ee728b)  -> (artifact id: '10da114126c3a261ebbf03ec1f8f64df') in 0.008911 seconds 
Number of asset objects unloaded after import = 285
========================================================================
Received Import Request.
  Time since last request: 1.731676 seconds.
  path: Assets/GameMain/UI/UIForms/UpdateResourceForm.prefab
  artifactKey: Guid(a6c731de80e9d824d8f657301a357269) Importer(815301076,1909f56bfc062723c751e8b465ee728b)
Number of updated assets reloaded before import = 0
Start importing Assets/GameMain/UI/UIForms/UpdateResourceForm.prefab using Guid(a6c731de80e9d824d8f657301a357269) Importer(815301076,1909f56bfc062723c751e8b465ee728b)  -> (artifact id: 'c702a4d2e8e68cb38fb5a4382a5c9972') in 0.003557 seconds 
Number of asset objects unloaded after import = 30
========================================================================
Received Prepare
Registering precompiled user dll's ...
Registered in 0.008605 seconds.
Begin MonoManager ReloadAssembly
Native extension for WindowsStandalone target not found
Native extension for Android target not found
Native extension for WebGL target not found
Refreshing native plugins compatible for Editor in 0.41 ms, found 3 plugins.
Preloading 0 native plugins for Editor in 0.00 ms.
[Package Manager] Server::EnsureServerProcessIsRunning -- launch failed, reason: Unity was launched with the -noUpm command-line argument
[Package Manager] Cannot connect to Unity Package Manager local server
Mono: successfully reloaded assembly
- Completed reload, in  1.130 seconds
Domain Reload Profiling:
	ReloadAssembly (1131ms)
		BeginReloadAssembly (116ms)
			ExecutionOrderSort (0ms)
			DisableScriptedObjects (3ms)
			BackupInstance (0ms)
			ReleaseScriptingObjects (0ms)
			CreateAndSetChildDomain (23ms)
		EndReloadAssembly (937ms)
			LoadAssemblies (79ms)
			RebuildTransferFunctionScriptingTraits (0ms)
			SetupTypeCache (157ms)
			ReleaseScriptCaches (1ms)
			RebuildScriptCaches (26ms)
			SetupLoadedEditorAssemblies (658ms)
				LogAssemblyErrors (0ms)
				InitializePlatformSupportModulesInManaged (21ms)
				SetLoadedEditorAssemblies (0ms)
				RefreshPlugins (0ms)
				BeforeProcessingInitializeOnLoad (72ms)
				ProcessInitializeOnLoadAttributes (538ms)
				ProcessInitializeOnLoadMethodAttributes (16ms)
				AfterProcessingInitializeOnLoad (10ms)
				EditorAssembliesLoaded (0ms)
			ExecutionOrderSort2 (0ms)
			AwakeInstancesAfterBackupRestoration (6ms)
Platform modules already initialized, skipping
Refreshing native plugins compatible for Editor in 0.51 ms, found 3 plugins.
Preloading 0 native plugins for Editor in 0.00 ms.
Unloading 3363 Unused Serialized files (Serialized files now loaded: 0)
Unloading 23 unused Assets / (22.1 KB). Loaded Objects now: 3879.
Memory consumption went from 119.2 MB to 119.2 MB.
Total: 2.190600 ms (FindLiveObjects: 0.187600 ms CreateObjectMapping: 0.086400 ms MarkObjects: 1.879400 ms  DeleteObjects: 0.036400 ms)

AssetImportParameters requested are different than current active one (requested -> active):
  custom:video-decoder-ogg-theora: a1e56fd34408186e4bbccfd4996cb3dc -> 
  custom:container-muxer-webm: aa71ff27fc2769a1b78a27578f13a17b -> 
  custom:container-demuxer-webm: 4f35f7cbe854078d1ac9338744f61a02 -> 
  custom:video-encoder-webm-vp8: eb34c28f22e8b96e1ab97ce403110664 -> 
  custom:CustomObjectIndexerAttribute: bc11b3a6c3213fcdd17b65e7da85e133 -> 
  custom:audio-encoder-webm-vorbis: bf7c407c2cedff20999df2af8eb42d56 -> 
  custom:framework-win-MediaFoundation: 216162199b28c13a410421893ffa2e32 -> 
  custom:SearchIndexIgnoredProperties: e643bd26f0fe6173181afceb89e7c659 -> 
  custom:container-demuxer-ogg: 62fdf1f143b41e24485cea50d1cbac27 -> 
  custom:video-decoder-webm-vp8: 9c59270c3fd7afecdb556c50c9e8de78 -> 
  custom:audio-decoder-ogg-vorbis: bf7c407c2cedff20999df2af8eb42d56 -> 
========================================================================
Received Prepare
Registering precompiled user dll's ...
Registered in 0.007431 seconds.
Begin MonoManager ReloadAssembly
Native extension for WindowsStandalone target not found
Native extension for Android target not found
Native extension for WebGL target not found
Refreshing native plugins compatible for Editor in 0.52 ms, found 3 plugins.
Preloading 0 native plugins for Editor in 0.00 ms.
[Package Manager] Server::EnsureServerProcessIsRunning -- launch failed, reason: Unity was launched with the -noUpm command-line argument
[Package Manager] Cannot connect to Unity Package Manager local server
Mono: successfully reloaded assembly
- Completed reload, in  1.049 seconds
Domain Reload Profiling:
	ReloadAssembly (1049ms)
		BeginReloadAssembly (115ms)
			ExecutionOrderSort (0ms)
			DisableScriptedObjects (4ms)
			BackupInstance (0ms)
			ReleaseScriptingObjects (0ms)
			CreateAndSetChildDomain (21ms)
		EndReloadAssembly (859ms)
			LoadAssemblies (78ms)
			RebuildTransferFunctionScriptingTraits (0ms)
			SetupTypeCache (167ms)
			ReleaseScriptCaches (1ms)
			RebuildScriptCaches (27ms)
			SetupLoadedEditorAssemblies (575ms)
				LogAssemblyErrors (0ms)
				InitializePlatformSupportModulesInManaged (22ms)
				SetLoadedEditorAssemblies (0ms)
				RefreshPlugins (1ms)
				BeforeProcessingInitializeOnLoad (41ms)
				ProcessInitializeOnLoadAttributes (489ms)
				ProcessInitializeOnLoadMethodAttributes (13ms)
				AfterProcessingInitializeOnLoad (9ms)
				EditorAssembliesLoaded (0ms)
			ExecutionOrderSort2 (0ms)
			AwakeInstancesAfterBackupRestoration (5ms)
Platform modules already initialized, skipping
Refreshing native plugins compatible for Editor in 0.43 ms, found 3 plugins.
Preloading 0 native plugins for Editor in 0.00 ms.
Unloading 3363 Unused Serialized files (Serialized files now loaded: 0)
Unloading 22 unused Assets / (21.9 KB). Loaded Objects now: 3882.
Memory consumption went from 119.2 MB to 119.2 MB.
Total: 1.845600 ms (FindLiveObjects: 0.145200 ms CreateObjectMapping: 0.061600 ms MarkObjects: 1.621900 ms  DeleteObjects: 0.016000 ms)

AssetImportParameters requested are different than current active one (requested -> active):
  custom:video-decoder-ogg-theora: a1e56fd34408186e4bbccfd4996cb3dc -> 
  custom:container-muxer-webm: aa71ff27fc2769a1b78a27578f13a17b -> 
  custom:container-demuxer-webm: 4f35f7cbe854078d1ac9338744f61a02 -> 
  custom:video-encoder-webm-vp8: eb34c28f22e8b96e1ab97ce403110664 -> 
  custom:CustomObjectIndexerAttribute: bc11b3a6c3213fcdd17b65e7da85e133 -> 
  custom:audio-encoder-webm-vorbis: bf7c407c2cedff20999df2af8eb42d56 -> 
  custom:framework-win-MediaFoundation: 216162199b28c13a410421893ffa2e32 -> 
  custom:SearchIndexIgnoredProperties: e643bd26f0fe6173181afceb89e7c659 -> 
  custom:container-demuxer-ogg: 62fdf1f143b41e24485cea50d1cbac27 -> 
  custom:video-decoder-webm-vp8: 9c59270c3fd7afecdb556c50c9e8de78 -> 
  custom:audio-decoder-ogg-vorbis: bf7c407c2cedff20999df2af8eb42d56 -> 
========================================================================
Received Import Request.
  Time since last request: 142.353416 seconds.
  path: Assets/GameMain/Scripts/BuiltinData/BuiltinDataComponent.cs
  artifactKey: Guid(cfb0b001fcb30fe45ac95ddb8c28ba57) Importer(815301076,1909f56bfc062723c751e8b465ee728b)
Number of updated assets reloaded before import = 0
Start importing Assets/GameMain/Scripts/BuiltinData/BuiltinDataComponent.cs using Guid(cfb0b001fcb30fe45ac95ddb8c28ba57) Importer(815301076,1909f56bfc062723c751e8b465ee728b)  -> (artifact id: 'c570c0d009bc245929f8c1a676fab827') in 0.007478 seconds 
Number of asset objects unloaded after import = 0
========================================================================
Received Import Request.
  Time since last request: 4.644476 seconds.
  path: Assets/GameMain/Scripts/Base/GameEntry.Builtin.cs
  artifactKey: Guid(98387342fa09ebd46a2ab54100d80c2f) Importer(815301076,1909f56bfc062723c751e8b465ee728b)
Number of updated assets reloaded before import = 0
Start importing Assets/GameMain/Scripts/Base/GameEntry.Builtin.cs using Guid(98387342fa09ebd46a2ab54100d80c2f) Importer(815301076,1909f56bfc062723c751e8b465ee728b)  -> (artifact id: 'fc34f2f879cdd7c253e82f63c908454d') in 0.001272 seconds 
Number of asset objects unloaded after import = 0
========================================================================
Received Import Request.
  Time since last request: 1.470001 seconds.
  path: Assets/GameMain/Scripts/Base/GameEntry.cs
  artifactKey: Guid(3d09b8a3e8c0e7e4dbcfd2fa52bf69ea) Importer(815301076,1909f56bfc062723c751e8b465ee728b)
Number of updated assets reloaded before import = 0
Start importing Assets/GameMain/Scripts/Base/GameEntry.cs using Guid(3d09b8a3e8c0e7e4dbcfd2fa52bf69ea) Importer(815301076,1909f56bfc062723c751e8b465ee728b)  -> (artifact id: 'd5d3d8aca55923f42e71e19de30f875b') in 0.001640 seconds 
Number of asset objects unloaded after import = 0
========================================================================
Received Import Request.
  Time since last request: 1.701311 seconds.
  path: Assets/GameMain/Scripts/Base/GameEntry.Custom.cs
  artifactKey: Guid(f95ee7b97daca3f44a2f5cf743bb39ac) Importer(815301076,1909f56bfc062723c751e8b465ee728b)
Number of updated assets reloaded before import = 0
Start importing Assets/GameMain/Scripts/Base/GameEntry.Custom.cs using Guid(f95ee7b97daca3f44a2f5cf743bb39ac) Importer(815301076,1909f56bfc062723c751e8b465ee728b)  -> (artifact id: '4497376fd2334852a7adb4ba516ee153') in 0.001533 seconds 
Number of asset objects unloaded after import = 0
========================================================================
Received Import Request.
  Time since last request: 7.311606 seconds.
  path: Assets/GameMain/Scripts/DataTable/BinaryReaderExtension.cs
  artifactKey: Guid(f303871e05cae2d489d6ba3adb6e39d3) Importer(815301076,1909f56bfc062723c751e8b465ee728b)
Number of updated assets reloaded before import = 0
Start importing Assets/GameMain/Scripts/DataTable/BinaryReaderExtension.cs using Guid(f303871e05cae2d489d6ba3adb6e39d3) Importer(815301076,1909f56bfc062723c751e8b465ee728b)  -> (artifact id: 'cf9668b68b4ec6b61178f11010ac4c80') in 0.001129 seconds 
Number of asset objects unloaded after import = 0
========================================================================
Received Import Request.
  Time since last request: 1.561570 seconds.
  path: Assets/GameMain/Scripts/DataTable/DataTableExtension.cs
  artifactKey: Guid(23740ffb8ecb90b48ad986504e1d2474) Importer(815301076,1909f56bfc062723c751e8b465ee728b)
Number of updated assets reloaded before import = 0
Start importing Assets/GameMain/Scripts/DataTable/DataTableExtension.cs using Guid(23740ffb8ecb90b48ad986504e1d2474) Importer(815301076,1909f56bfc062723c751e8b465ee728b)  -> (artifact id: 'f93ed61bd13756a88151e40c5c832ab2') in 0.001437 seconds 
Number of asset objects unloaded after import = 0
========================================================================
Received Import Request.
  Time since last request: 1.794808 seconds.
  path: Assets/GameMain/Scripts/DataTable/DRAircraft.cs
  artifactKey: Guid(e7a6297d01a7dc348b1488bf6245cb1b) Importer(815301076,1909f56bfc062723c751e8b465ee728b)
Number of updated assets reloaded before import = 0
Start importing Assets/GameMain/Scripts/DataTable/DRAircraft.cs using Guid(e7a6297d01a7dc348b1488bf6245cb1b) Importer(815301076,1909f56bfc062723c751e8b465ee728b)  -> (artifact id: 'cdf821412704c330e46bffdd41acfafa') in 0.001749 seconds 
Number of asset objects unloaded after import = 0
========================================================================
Received Import Request.
  Time since last request: 2.677850 seconds.
  path: Assets/GameMain/Scripts/DataTable/DRArmor.cs
  artifactKey: Guid(6e945cefd12dc05428a0b4d287784707) Importer(815301076,1909f56bfc062723c751e8b465ee728b)
Number of updated assets reloaded before import = 0
Start importing Assets/GameMain/Scripts/DataTable/DRArmor.cs using Guid(6e945cefd12dc05428a0b4d287784707) Importer(815301076,1909f56bfc062723c751e8b465ee728b)  -> (artifact id: 'c1e37aa41315dcb0196139b3162612b2') in 0.001654 seconds 
Number of asset objects unloaded after import = 0
========================================================================
Received Import Request.
  Time since last request: 2.432181 seconds.
  path: Assets/GameMain/Scripts/DataTable/DRAsteroid.cs
  artifactKey: Guid(836a293c79cb42e42a7235ebdeb3344f) Importer(815301076,1909f56bfc062723c751e8b465ee728b)
Number of updated assets reloaded before import = 0
Start importing Assets/GameMain/Scripts/DataTable/DRAsteroid.cs using Guid(836a293c79cb42e42a7235ebdeb3344f) Importer(815301076,1909f56bfc062723c751e8b465ee728b)  -> (artifact id: '95a51e91f1dd168a333759e79575102c') in 0.001204 seconds 
Number of asset objects unloaded after import = 0
========================================================================
Received Import Request.
  Time since last request: 2.739561 seconds.
  path: Assets/GameMain/Scripts/DataTable/DREntity.cs
  artifactKey: Guid(a48a9c6b974d6674f8a0421fc603dc56) Importer(815301076,1909f56bfc062723c751e8b465ee728b)
Number of updated assets reloaded before import = 0
Start importing Assets/GameMain/Scripts/DataTable/DREntity.cs using Guid(a48a9c6b974d6674f8a0421fc603dc56) Importer(815301076,1909f56bfc062723c751e8b465ee728b)  -> (artifact id: 'b14183687a212d5c277d2aa6e8fb40a0') in 0.001686 seconds 
Number of asset objects unloaded after import = 0
========================================================================
Received Import Request.
  Time since last request: 2.488099 seconds.
  path: Assets/GameMain/Scripts/DataTable/DRScene.cs
  artifactKey: Guid(0ce61902e6e3c23409f9ef10ccc8c550) Importer(815301076,1909f56bfc062723c751e8b465ee728b)
Number of updated assets reloaded before import = 0
Start importing Assets/GameMain/Scripts/DataTable/DRScene.cs using Guid(0ce61902e6e3c23409f9ef10ccc8c550) Importer(815301076,1909f56bfc062723c751e8b465ee728b)  -> (artifact id: 'e890ed7d71bc1fbb91a0833b56269845') in 0.001138 seconds 
Number of asset objects unloaded after import = 0
========================================================================
Received Import Request.
  Time since last request: 3.180476 seconds.
  path: Assets/GameMain/Scripts/DataTable/DRSound.cs
  artifactKey: Guid(fc0abcc42a26c844d91d422da22eb94d) Importer(815301076,1909f56bfc062723c751e8b465ee728b)
Number of updated assets reloaded before import = 0
Start importing Assets/GameMain/Scripts/DataTable/DRSound.cs using Guid(fc0abcc42a26c844d91d422da22eb94d) Importer(815301076,1909f56bfc062723c751e8b465ee728b)  -> (artifact id: '9277849d650b6ba624f018f700b24475') in 0.001775 seconds 
Number of asset objects unloaded after import = 0
========================================================================
Received Import Request.
  Time since last request: 6.225489 seconds.
  path: Assets/GameMain/Scripts/Game/GameBase.cs
  artifactKey: Guid(71778b189640288498fec244fe023d3a) Importer(815301076,1909f56bfc062723c751e8b465ee728b)
Number of updated assets reloaded before import = 0
Start importing Assets/GameMain/Scripts/Game/GameBase.cs using Guid(71778b189640288498fec244fe023d3a) Importer(815301076,1909f56bfc062723c751e8b465ee728b)  -> (artifact id: '324d253eda2681b9a5589c2f47f8be35') in 0.001145 seconds 
Number of asset objects unloaded after import = 0
========================================================================
Received Import Request.
  Time since last request: 0.691402 seconds.
  path: Assets/GameMain/Scripts/Game/GameMode.cs
  artifactKey: Guid(21c1da598f0a2e24e840b892d99b3b5d) Importer(815301076,1909f56bfc062723c751e8b465ee728b)
Number of updated assets reloaded before import = 0
Start importing Assets/GameMain/Scripts/Game/GameMode.cs using Guid(21c1da598f0a2e24e840b892d99b3b5d) Importer(815301076,1909f56bfc062723c751e8b465ee728b)  -> (artifact id: '77e4275b2ea80f262e4a6f0ae0cc41bf') in 0.001839 seconds 
Number of asset objects unloaded after import = 0
========================================================================
Received Import Request.
  Time since last request: 0.930921 seconds.
  path: Assets/GameMain/Scripts/Game/SurvivalGame.cs
  artifactKey: Guid(97c863709fd10274785d7629966c175f) Importer(815301076,1909f56bfc062723c751e8b465ee728b)
Number of updated assets reloaded before import = 0
Start importing Assets/GameMain/Scripts/Game/SurvivalGame.cs using Guid(97c863709fd10274785d7629966c175f) Importer(815301076,1909f56bfc062723c751e8b465ee728b)  -> (artifact id: 'fa5002f1f9ca735f51191c574733f3b3') in 0.001890 seconds 
Number of asset objects unloaded after import = 0
========================================================================
Received Import Request.
  Time since last request: 3.463051 seconds.
  path: Assets/GameMain/Scripts/HPBar/HPBarComponent.cs
  artifactKey: Guid(879e921586721514f9f85de777050af4) Importer(815301076,1909f56bfc062723c751e8b465ee728b)
Number of updated assets reloaded before import = 0
Start importing Assets/GameMain/Scripts/HPBar/HPBarComponent.cs using Guid(879e921586721514f9f85de777050af4) Importer(815301076,1909f56bfc062723c751e8b465ee728b)  -> (artifact id: 'adb58c62451f4f1b835663ce79f8f6eb') in 0.001571 seconds 
Number of asset objects unloaded after import = 0
========================================================================
Received Import Request.
  Time since last request: 0.981482 seconds.
  path: Assets/GameMain/Scripts/HPBar/HPBarItem.cs
  artifactKey: Guid(9bcc0608685184647b097f4838a8e9f6) Importer(815301076,1909f56bfc062723c751e8b465ee728b)
Number of updated assets reloaded before import = 0
Start importing Assets/GameMain/Scripts/HPBar/HPBarItem.cs using Guid(9bcc0608685184647b097f4838a8e9f6) Importer(815301076,1909f56bfc062723c751e8b465ee728b)  -> (artifact id: '2232cdf57cdcee0644c8e6ea14d53ea4') in 0.001383 seconds 
Number of asset objects unloaded after import = 0
========================================================================
Received Import Request.
  Time since last request: 0.969491 seconds.
  path: Assets/GameMain/Scripts/HPBar/HPBarItemObject.cs
  artifactKey: Guid(8e6d2d8655da0094bb6063ce38ed582d) Importer(815301076,1909f56bfc062723c751e8b465ee728b)
Number of updated assets reloaded before import = 0
Start importing Assets/GameMain/Scripts/HPBar/HPBarItemObject.cs using Guid(8e6d2d8655da0094bb6063ce38ed582d) Importer(815301076,1909f56bfc062723c751e8b465ee728b)  -> (artifact id: '7df2ab6ff859c96f4e139ef6eeed45ca') in 0.001120 seconds 
Number of asset objects unloaded after import = 0
========================================================================
Received Import Request.
  Time since last request: 7.055717 seconds.
  path: Assets/GameMain/Scripts/Localization/XmlLocalizationHelper.cs
  artifactKey: Guid(44a338771c89a5348b00b9b0c13c1907) Importer(815301076,1909f56bfc062723c751e8b465ee728b)
Number of updated assets reloaded before import = 0
Start importing Assets/GameMain/Scripts/Localization/XmlLocalizationHelper.cs using Guid(44a338771c89a5348b00b9b0c13c1907) Importer(815301076,1909f56bfc062723c751e8b465ee728b)  -> (artifact id: 'ec8befa8cddb75938ce565cdc2b577b3') in 0.001657 seconds 
Number of asset objects unloaded after import = 0
========================================================================
Received Import Request.
  Time since last request: 54.863978 seconds.
  path: Assets
  artifactKey: Guid(00000000000000001000000000000000) Importer(815301076,1909f56bfc062723c751e8b465ee728b)
Number of updated assets reloaded before import = 0
Start importing Assets using Guid(00000000000000001000000000000000) Importer(815301076,1909f56bfc062723c751e8b465ee728b)  -> (artifact id: '79842766b460edbeab6a34051e857a80') in 0.001349 seconds 
Number of asset objects unloaded after import = 0
========================================================================
Received Import Request.
  Time since last request: 151.182847 seconds.
  path: Assets/GameMain/Music/music_about.mp3
  artifactKey: Guid(093f8873cfe371d41b854ed9fb6bff69) Importer(815301076,1909f56bfc062723c751e8b465ee728b)
Number of updated assets reloaded before import = 0
Start importing Assets/GameMain/Music/music_about.mp3 using Guid(093f8873cfe371d41b854ed9fb6bff69) Importer(815301076,1909f56bfc062723c751e8b465ee728b)  -> (artifact id: 'c77f0d54aed29ba722fee4a52d14cbb2') in 0.072945 seconds 
Number of asset objects unloaded after import = 2
========================================================================
Received Import Request.
  Time since last request: 1.548891 seconds.
  path: Assets/GameMain/Music/music_background.mp3
  artifactKey: Guid(638ff8ae4a0d15047839cd265d3bc296) Importer(815301076,1909f56bfc062723c751e8b465ee728b)
Number of updated assets reloaded before import = 0
Start importing Assets/GameMain/Music/music_background.mp3 using Guid(638ff8ae4a0d15047839cd265d3bc296) Importer(815301076,1909f56bfc062723c751e8b465ee728b)  -> (artifact id: 'd5c787007dff409467bdd8b0f31a5d1e') in 0.006765 seconds 
Number of asset objects unloaded after import = 2
========================================================================
Received Import Request.
  Time since last request: 0.808915 seconds.
  path: Assets/GameMain/Music/music_menu.mp3
  artifactKey: Guid(caa829ab2ffc71340a69253afdf58365) Importer(815301076,1909f56bfc062723c751e8b465ee728b)
Number of updated assets reloaded before import = 0
Start importing Assets/GameMain/Music/music_menu.mp3 using Guid(caa829ab2ffc71340a69253afdf58365) Importer(815301076,1909f56bfc062723c751e8b465ee728b)  -> (artifact id: 'db3190ff7e37d7715aa754fed113a9c7') in 0.009050 seconds 
Number of asset objects unloaded after import = 2
========================================================================
Received Import Request.
  Time since last request: 3.875447 seconds.
  path: Assets/GameMain/Scripts/UI
  artifactKey: Guid(5aa568bd1f2753a46afdf823c50eb582) Importer(815301076,1909f56bfc062723c751e8b465ee728b)
Number of updated assets reloaded before import = 0
Start importing Assets/GameMain/Scripts/UI using Guid(5aa568bd1f2753a46afdf823c50eb582) Importer(815301076,1909f56bfc062723c751e8b465ee728b)  -> (artifact id: '5330fc2c0418830e3bbc28e721a54c08') in 0.001660 seconds 
Number of asset objects unloaded after import = 0
========================================================================
Received Import Request.
  Time since last request: 2.746996 seconds.
  path: Assets/GameMain/Sounds
  artifactKey: Guid(bd88511da0fe74b49b2e524258462780) Importer(815301076,1909f56bfc062723c751e8b465ee728b)
Number of updated assets reloaded before import = 0
Start importing Assets/GameMain/Sounds using Guid(bd88511da0fe74b49b2e524258462780) Importer(815301076,1909f56bfc062723c751e8b465ee728b)  -> (artifact id: 'fc9de10803509dcedd07d8ce3b450bf3') in 0.001088 seconds 
Number of asset objects unloaded after import = 0
========================================================================
Received Import Request.
  Time since last request: 17.988875 seconds.
  path: Assets/GameMain/Sounds/explosion_asteroid.wav
  artifactKey: Guid(3dc7455402dfa462b89a4bbd513955e9) Importer(815301076,1909f56bfc062723c751e8b465ee728b)
Number of updated assets reloaded before import = 0
Start importing Assets/GameMain/Sounds/explosion_asteroid.wav using Guid(3dc7455402dfa462b89a4bbd513955e9) Importer(815301076,1909f56bfc062723c751e8b465ee728b)  -> (artifact id: 'a9ea2e1dea1edef76ff24dc50790769d') in 0.007326 seconds 
Number of asset objects unloaded after import = 2
========================================================================
Received Import Request.
  Time since last request: 0.693633 seconds.
  path: Assets/GameMain/Sounds/explosion_enemy.wav
  artifactKey: Guid(72e76810224064300b7d32e8322a5d12) Importer(815301076,1909f56bfc062723c751e8b465ee728b)
Number of updated assets reloaded before import = 0
Start importing Assets/GameMain/Sounds/explosion_enemy.wav using Guid(72e76810224064300b7d32e8322a5d12) Importer(815301076,1909f56bfc062723c751e8b465ee728b)  -> (artifact id: '3ae49fee75145959356ba43622d5cd7c') in 0.006872 seconds 
Number of asset objects unloaded after import = 2
========================================================================
Received Import Request.
  Time since last request: 2.280645 seconds.
  path: Assets/GameMain/Textures/fx_lazer_cyan_dff.tif
  artifactKey: Guid(6e3730451fa077346abd4ac642ea71d8) Importer(815301076,1909f56bfc062723c751e8b465ee728b)
Number of updated assets reloaded before import = 0
Start importing Assets/GameMain/Textures/fx_lazer_cyan_dff.tif using Guid(6e3730451fa077346abd4ac642ea71d8) Importer(815301076,1909f56bfc062723c751e8b465ee728b)  -> (artifact id: '269b19a3ac2cc89ba9e68004cfcde6e1') in 0.019450 seconds 
Number of asset objects unloaded after import = 2
========================================================================
Received Import Request.
  Time since last request: 776.553395 seconds.
  path: Assets/GameMain/DataTables/Asteroid.bytes
  artifactKey: Guid(e0792649e7774a24d8e7cceba0231c61) Importer(815301076,1909f56bfc062723c751e8b465ee728b)
Number of updated assets reloaded before import = 0
Start importing Assets/GameMain/DataTables/Asteroid.bytes using Guid(e0792649e7774a24d8e7cceba0231c61) Importer(815301076,1909f56bfc062723c751e8b465ee728b)  -> (artifact id: 'defcf01f56b426b5edbe8904a54245a2') in 0.002575 seconds 
Number of asset objects unloaded after import = 1
========================================================================
Received Import Request.
  Time since last request: 49.929223 seconds.
  path: Assets/GameMain/Scripts/Editor/DataTableGenerator/DataTableCodeGenerator.cs
  artifactKey: Guid(40941eb45ca7d284f8a806370b88fa78) Importer(815301076,1909f56bfc062723c751e8b465ee728b)
Number of updated assets reloaded before import = 0
Start importing Assets/GameMain/Scripts/Editor/DataTableGenerator/DataTableCodeGenerator.cs using Guid(40941eb45ca7d284f8a806370b88fa78) Importer(815301076,1909f56bfc062723c751e8b465ee728b)  -> (artifact id: '1ea93b243a59e00f14403422498e9e06') in 0.001877 seconds 
Number of asset objects unloaded after import = 0
========================================================================
Received Import Request.
  Time since last request: 6.543339 seconds.
  path: Assets/GameMain/Scripts/Editor/DataTableGenerator/DataTableGenerator.cs
  artifactKey: Guid(f91ec109eb6c73a408325960701b4c94) Importer(815301076,1909f56bfc062723c751e8b465ee728b)
Number of updated assets reloaded before import = 0
Start importing Assets/GameMain/Scripts/Editor/DataTableGenerator/DataTableGenerator.cs using Guid(f91ec109eb6c73a408325960701b4c94) Importer(815301076,1909f56bfc062723c751e8b465ee728b)  -> (artifact id: '1cae29b8298d60d26c75a78645af4b04') in 0.001564 seconds 
Number of asset objects unloaded after import = 0
========================================================================
Received Import Request.
  Time since last request: 143.988145 seconds.
  path: Assets/GameMain/Scripts/Procedure/ProcedureBase.cs
  artifactKey: Guid(531a832bf8dfd734395de52f4141082f) Importer(815301076,1909f56bfc062723c751e8b465ee728b)
Number of updated assets reloaded before import = 0
Start importing Assets/GameMain/Scripts/Procedure/ProcedureBase.cs using Guid(531a832bf8dfd734395de52f4141082f) Importer(815301076,1909f56bfc062723c751e8b465ee728b)  -> (artifact id: '9fadab77c5b586a5b87d6aa6948dd8a4') in 0.001246 seconds 
Number of asset objects unloaded after import = 0
========================================================================
Received Import Request.
  Time since last request: 4.691450 seconds.
  path: Assets/GameMain/Scripts/Procedure/ProcedureLaunch.cs
  artifactKey: Guid(d6c3d65d0c3a2104383e82700116b3d1) Importer(815301076,1909f56bfc062723c751e8b465ee728b)
Number of updated assets reloaded before import = 0
Start importing Assets/GameMain/Scripts/Procedure/ProcedureLaunch.cs using Guid(d6c3d65d0c3a2104383e82700116b3d1) Importer(815301076,1909f56bfc062723c751e8b465ee728b)  -> (artifact id: 'd3167aece63809ebcf88ffd5ff488ad8') in 0.001645 seconds 
Number of asset objects unloaded after import = 0
========================================================================
Received Import Request.
  Time since last request: 215.826115 seconds.
  path: Assets/GameMain/Scripts/Procedure/ProcedurePreload.cs
  artifactKey: Guid(5733d8991f6bbf8409de2830c6c67b9b) Importer(815301076,1909f56bfc062723c751e8b465ee728b)
Number of updated assets reloaded before import = 0
Start importing Assets/GameMain/Scripts/Procedure/ProcedurePreload.cs using Guid(5733d8991f6bbf8409de2830c6c67b9b) Importer(815301076,1909f56bfc062723c751e8b465ee728b)  -> (artifact id: 'b2e3ffa5ceeb5929583fbb2aeffbaec5') in 0.001744 seconds 
Number of asset objects unloaded after import = 0
========================================================================
Received Import Request.
  Time since last request: 282.920621 seconds.
  path: Assets/GameMain/Scripts/Procedure/ProcedureChangeScene.cs
  artifactKey: Guid(c40f93285f4afc949bb907e33a909042) Importer(815301076,1909f56bfc062723c751e8b465ee728b)
Number of updated assets reloaded before import = 0
Start importing Assets/GameMain/Scripts/Procedure/ProcedureChangeScene.cs using Guid(c40f93285f4afc949bb907e33a909042) Importer(815301076,1909f56bfc062723c751e8b465ee728b)  -> (artifact id: 'ca0323a2b2838ae68b23af7d5b08eb72') in 0.001389 seconds 
Number of asset objects unloaded after import = 0
========================================================================
Received Prepare
Registering precompiled user dll's ...
Registered in 0.006579 seconds.
Begin MonoManager ReloadAssembly
Native extension for WindowsStandalone target not found
Native extension for Android target not found
Native extension for WebGL target not found
Refreshing native plugins compatible for Editor in 0.37 ms, found 3 plugins.
Preloading 0 native plugins for Editor in 0.00 ms.
[Package Manager] Server::EnsureServerProcessIsRunning -- launch failed, reason: Unity was launched with the -noUpm command-line argument
[Package Manager] Cannot connect to Unity Package Manager local server
Mono: successfully reloaded assembly
- Completed reload, in  1.066 seconds
Domain Reload Profiling:
	ReloadAssembly (1067ms)
		BeginReloadAssembly (113ms)
			ExecutionOrderSort (0ms)
			DisableScriptedObjects (4ms)
			BackupInstance (0ms)
			ReleaseScriptingObjects (0ms)
			CreateAndSetChildDomain (24ms)
		EndReloadAssembly (878ms)
			LoadAssemblies (75ms)
			RebuildTransferFunctionScriptingTraits (0ms)
			SetupTypeCache (159ms)
			ReleaseScriptCaches (1ms)
			RebuildScriptCaches (32ms)
			SetupLoadedEditorAssemblies (594ms)
				LogAssemblyErrors (0ms)
				InitializePlatformSupportModulesInManaged (20ms)
				SetLoadedEditorAssemblies (0ms)
				RefreshPlugins (0ms)
				BeforeProcessingInitializeOnLoad (44ms)
				ProcessInitializeOnLoadAttributes (505ms)
				ProcessInitializeOnLoadMethodAttributes (15ms)
				AfterProcessingInitializeOnLoad (10ms)
				EditorAssembliesLoaded (0ms)
			ExecutionOrderSort2 (0ms)
			AwakeInstancesAfterBackupRestoration (5ms)
Platform modules already initialized, skipping
Refreshing native plugins compatible for Editor in 0.46 ms, found 3 plugins.
Preloading 0 native plugins for Editor in 0.00 ms.
Unloading 3363 Unused Serialized files (Serialized files now loaded: 0)
Unloading 22 unused Assets / (21.9 KB). Loaded Objects now: 3888.
Memory consumption went from 119.3 MB to 119.2 MB.
Total: 1.897500 ms (FindLiveObjects: 0.158800 ms CreateObjectMapping: 0.070900 ms MarkObjects: 1.649200 ms  DeleteObjects: 0.017700 ms)

AssetImportParameters requested are different than current active one (requested -> active):
  custom:video-decoder-ogg-theora: a1e56fd34408186e4bbccfd4996cb3dc -> 
  custom:container-muxer-webm: aa71ff27fc2769a1b78a27578f13a17b -> 
  custom:container-demuxer-webm: 4f35f7cbe854078d1ac9338744f61a02 -> 
  custom:video-encoder-webm-vp8: eb34c28f22e8b96e1ab97ce403110664 -> 
  custom:CustomObjectIndexerAttribute: bc11b3a6c3213fcdd17b65e7da85e133 -> 
  custom:audio-encoder-webm-vorbis: bf7c407c2cedff20999df2af8eb42d56 -> 
  custom:framework-win-MediaFoundation: 216162199b28c13a410421893ffa2e32 -> 
  custom:SearchIndexIgnoredProperties: e643bd26f0fe6173181afceb89e7c659 -> 
  custom:container-demuxer-ogg: 62fdf1f143b41e24485cea50d1cbac27 -> 
  custom:video-decoder-webm-vp8: 9c59270c3fd7afecdb556c50c9e8de78 -> 
  custom:audio-decoder-ogg-vorbis: bf7c407c2cedff20999df2af8eb42d56 -> 
========================================================================
Received Import Request.
  Time since last request: 4611.342304 seconds.
  path: Assets/GameMain/Scenes/Menu.unity
  artifactKey: Guid(b031b4f2980561542a7f7ba41391edc3) Importer(815301076,1909f56bfc062723c751e8b465ee728b)
Number of updated assets reloaded before import = 0
Start importing Assets/GameMain/Scenes/Menu.unity using Guid(b031b4f2980561542a7f7ba41391edc3) Importer(815301076,1909f56bfc062723c751e8b465ee728b)  -> (artifact id: '3e13de6bff7fb84971904dc429935466') in 0.005039 seconds 
Number of asset objects unloaded after import = 0
========================================================================
Received Prepare
Registering precompiled user dll's ...
Registered in 0.006960 seconds.
Begin MonoManager ReloadAssembly
Native extension for WindowsStandalone target not found
Native extension for Android target not found
Native extension for WebGL target not found
Refreshing native plugins compatible for Editor in 0.37 ms, found 3 plugins.
Preloading 0 native plugins for Editor in 0.00 ms.
[Package Manager] Server::EnsureServerProcessIsRunning -- launch failed, reason: Unity was launched with the -noUpm command-line argument
[Package Manager] Cannot connect to Unity Package Manager local server
Mono: successfully reloaded assembly
- Completed reload, in  1.082 seconds
Domain Reload Profiling:
	ReloadAssembly (1082ms)
		BeginReloadAssembly (108ms)
			ExecutionOrderSort (0ms)
			DisableScriptedObjects (4ms)
			BackupInstance (0ms)
			ReleaseScriptingObjects (0ms)
			CreateAndSetChildDomain (22ms)
		EndReloadAssembly (895ms)
			LoadAssemblies (71ms)
			RebuildTransferFunctionScriptingTraits (0ms)
			SetupTypeCache (172ms)
			ReleaseScriptCaches (1ms)
			RebuildScriptCaches (29ms)
			SetupLoadedEditorAssemblies (601ms)
				LogAssemblyErrors (0ms)
				InitializePlatformSupportModulesInManaged (18ms)
				SetLoadedEditorAssemblies (0ms)
				RefreshPlugins (0ms)
				BeforeProcessingInitializeOnLoad (44ms)
				ProcessInitializeOnLoadAttributes (511ms)
				ProcessInitializeOnLoadMethodAttributes (16ms)
				AfterProcessingInitializeOnLoad (11ms)
				EditorAssembliesLoaded (0ms)
			ExecutionOrderSort2 (0ms)
			AwakeInstancesAfterBackupRestoration (5ms)
Platform modules already initialized, skipping
Refreshing native plugins compatible for Editor in 0.41 ms, found 3 plugins.
Preloading 0 native plugins for Editor in 0.00 ms.
Unloading 3363 Unused Serialized files (Serialized files now loaded: 0)
Unloading 22 unused Assets / (21.9 KB). Loaded Objects now: 3891.
Memory consumption went from 119.3 MB to 119.2 MB.
Total: 1.796000 ms (FindLiveObjects: 0.157000 ms CreateObjectMapping: 0.078200 ms MarkObjects: 1.543900 ms  DeleteObjects: 0.016200 ms)

AssetImportParameters requested are different than current active one (requested -> active):
  custom:video-decoder-ogg-theora: a1e56fd34408186e4bbccfd4996cb3dc -> 
  custom:container-muxer-webm: aa71ff27fc2769a1b78a27578f13a17b -> 
  custom:container-demuxer-webm: 4f35f7cbe854078d1ac9338744f61a02 -> 
  custom:video-encoder-webm-vp8: eb34c28f22e8b96e1ab97ce403110664 -> 
  custom:CustomObjectIndexerAttribute: bc11b3a6c3213fcdd17b65e7da85e133 -> 
  custom:audio-encoder-webm-vorbis: bf7c407c2cedff20999df2af8eb42d56 -> 
  custom:framework-win-MediaFoundation: 216162199b28c13a410421893ffa2e32 -> 
  custom:SearchIndexIgnoredProperties: e643bd26f0fe6173181afceb89e7c659 -> 
  custom:container-demuxer-ogg: 62fdf1f143b41e24485cea50d1cbac27 -> 
  custom:video-decoder-webm-vp8: 9c59270c3fd7afecdb556c50c9e8de78 -> 
  custom:audio-decoder-ogg-vorbis: bf7c407c2cedff20999df2af8eb42d56 -> 
========================================================================
Received Import Request.
  Time since last request: 9.121160 seconds.
  path: Assets/GameMain/Scenes/Main.unity
  artifactKey: Guid(4473d81b14ddb0143addf0e6050d8491) Importer(815301076,1909f56bfc062723c751e8b465ee728b)
Number of updated assets reloaded before import = 0
Start importing Assets/GameMain/Scenes/Main.unity using Guid(4473d81b14ddb0143addf0e6050d8491) Importer(815301076,1909f56bfc062723c751e8b465ee728b)  -> (artifact id: '0965d264039e53a62b3817f8d56310a6') in 0.004973 seconds 
Number of asset objects unloaded after import = 0
========================================================================
Received Import Request.
  Time since last request: 49.519800 seconds.
  path: Assets/GameMain/Scripts/UI/UpdateResourceForm.cs
  artifactKey: Guid(3d8946ea9933b16499cd11174ad3c410) Importer(815301076,1909f56bfc062723c751e8b465ee728b)
Number of updated assets reloaded before import = 0
Start importing Assets/GameMain/Scripts/UI/UpdateResourceForm.cs using Guid(3d8946ea9933b16499cd11174ad3c410) Importer(815301076,1909f56bfc062723c751e8b465ee728b)  -> (artifact id: 'a6e2631d783c25f504c6c7345fec497d') in 0.001343 seconds 
Number of asset objects unloaded after import = 0
========================================================================
Received Import Request.
  Time since last request: 7.316075 seconds.
  path: Assets/GameMain/Configs/DefaultDictionary.xml
  artifactKey: Guid(00759be143ffa5445b151c2540612e8f) Importer(815301076,1909f56bfc062723c751e8b465ee728b)
Number of updated assets reloaded before import = 0
Start importing Assets/GameMain/Configs/DefaultDictionary.xml using Guid(00759be143ffa5445b151c2540612e8f) Importer(815301076,1909f56bfc062723c751e8b465ee728b)  -> (artifact id: '9a9848f528c3f06d063b091ee7732766') in 0.009813 seconds 
Number of asset objects unloaded after import = 1
========================================================================
Received Import Request.
  Time since last request: 136.096581 seconds.
  path: Assets/GameMain/DataTables/Scene.txt
  artifactKey: Guid(a71f8bb1b1b2c51438e2bafc884cb02c) Importer(815301076,1909f56bfc062723c751e8b465ee728b)
Number of updated assets reloaded before import = 0
Start importing Assets/GameMain/DataTables/Scene.txt using Guid(a71f8bb1b1b2c51438e2bafc884cb02c) Importer(815301076,1909f56bfc062723c751e8b465ee728b)  -> (artifact id: 'b1c681c5ce1d955af256c4a5c48d560e') in 0.001439 seconds 
Number of asset objects unloaded after import = 1
========================================================================
Received Prepare
Registering precompiled user dll's ...
Registered in 0.006968 seconds.
Begin MonoManager ReloadAssembly
Native extension for WindowsStandalone target not found
Native extension for Android target not found
Native extension for WebGL target not found
Refreshing native plugins compatible for Editor in 0.52 ms, found 3 plugins.
Preloading 0 native plugins for Editor in 0.00 ms.
[Package Manager] Server::EnsureServerProcessIsRunning -- launch failed, reason: Unity was launched with the -noUpm command-line argument
[Package Manager] Cannot connect to Unity Package Manager local server
Mono: successfully reloaded assembly
- Completed reload, in  1.056 seconds
Domain Reload Profiling:
	ReloadAssembly (1057ms)
		BeginReloadAssembly (116ms)
			ExecutionOrderSort (0ms)
			DisableScriptedObjects (5ms)
			BackupInstance (0ms)
			ReleaseScriptingObjects (0ms)
			CreateAndSetChildDomain (22ms)
		EndReloadAssembly (866ms)
			LoadAssemblies (79ms)
			RebuildTransferFunctionScriptingTraits (0ms)
			SetupTypeCache (151ms)
			ReleaseScriptCaches (1ms)
			RebuildScriptCaches (31ms)
			SetupLoadedEditorAssemblies (590ms)
				LogAssemblyErrors (0ms)
				InitializePlatformSupportModulesInManaged (21ms)
				SetLoadedEditorAssemblies (0ms)
				RefreshPlugins (1ms)
				BeforeProcessingInitializeOnLoad (45ms)
				ProcessInitializeOnLoadAttributes (499ms)
				ProcessInitializeOnLoadMethodAttributes (16ms)
				AfterProcessingInitializeOnLoad (9ms)
				EditorAssembliesLoaded (0ms)
			ExecutionOrderSort2 (0ms)
			AwakeInstancesAfterBackupRestoration (6ms)
Platform modules already initialized, skipping
Refreshing native plugins compatible for Editor in 0.43 ms, found 3 plugins.
Preloading 0 native plugins for Editor in 0.00 ms.
Unloading 3363 Unused Serialized files (Serialized files now loaded: 0)
Unloading 22 unused Assets / (21.9 KB). Loaded Objects now: 3894.
Memory consumption went from 119.3 MB to 119.3 MB.
Total: 1.806900 ms (FindLiveObjects: 0.158900 ms CreateObjectMapping: 0.069700 ms MarkObjects: 1.558400 ms  DeleteObjects: 0.019000 ms)

AssetImportParameters requested are different than current active one (requested -> active):
  custom:video-decoder-ogg-theora: a1e56fd34408186e4bbccfd4996cb3dc -> 
  custom:container-muxer-webm: aa71ff27fc2769a1b78a27578f13a17b -> 
  custom:container-demuxer-webm: 4f35f7cbe854078d1ac9338744f61a02 -> 
  custom:video-encoder-webm-vp8: eb34c28f22e8b96e1ab97ce403110664 -> 
  custom:CustomObjectIndexerAttribute: bc11b3a6c3213fcdd17b65e7da85e133 -> 
  custom:audio-encoder-webm-vorbis: bf7c407c2cedff20999df2af8eb42d56 -> 
  custom:framework-win-MediaFoundation: 216162199b28c13a410421893ffa2e32 -> 
  custom:SearchIndexIgnoredProperties: e643bd26f0fe6173181afceb89e7c659 -> 
  custom:container-demuxer-ogg: 62fdf1f143b41e24485cea50d1cbac27 -> 
  custom:video-decoder-webm-vp8: 9c59270c3fd7afecdb556c50c9e8de78 -> 
  custom:audio-decoder-ogg-vorbis: bf7c407c2cedff20999df2af8eb42d56 -> 
========================================================================
Received Import Request.
  Time since last request: 13.180133 seconds.
  path: Assets/GameMain/Scenes
  artifactKey: Guid(8aa04725784d110458eddfb0f7fed5dc) Importer(815301076,1909f56bfc062723c751e8b465ee728b)
Number of updated assets reloaded before import = 0
Start importing Assets/GameMain/Scenes using Guid(8aa04725784d110458eddfb0f7fed5dc) Importer(815301076,1909f56bfc062723c751e8b465ee728b)  -> (artifact id: 'ec8989bc01fa45061600d8e4009f5ff6') in 0.004819 seconds 
Number of asset objects unloaded after import = 0
========================================================================
Received Import Request.
  Time since last request: 13.526335 seconds.
  path: Assets/GameMain/Scenes/MenuTest.unity
  artifactKey: Guid(baa4d73b73b776e469d6f0c8fa9dc624) Importer(815301076,1909f56bfc062723c751e8b465ee728b)
Number of updated assets reloaded before import = 0
Start importing Assets/GameMain/Scenes/MenuTest.unity using Guid(baa4d73b73b776e469d6f0c8fa9dc624) Importer(815301076,1909f56bfc062723c751e8b465ee728b)  -> (artifact id: '20ac623118c6e3aac011c8424557fdee') in 0.001514 seconds 
Number of asset objects unloaded after import = 0
========================================================================
Received Prepare
Registering precompiled user dll's ...
Registered in 0.007663 seconds.
Begin MonoManager ReloadAssembly
Native extension for WindowsStandalone target not found
Native extension for Android target not found
Native extension for WebGL target not found
Refreshing native plugins compatible for Editor in 0.37 ms, found 3 plugins.
Preloading 0 native plugins for Editor in 0.00 ms.
[Package Manager] Server::EnsureServerProcessIsRunning -- launch failed, reason: Unity was launched with the -noUpm command-line argument
[Package Manager] Cannot connect to Unity Package Manager local server
Mono: successfully reloaded assembly
- Completed reload, in  1.041 seconds
Domain Reload Profiling:
	ReloadAssembly (1041ms)
		BeginReloadAssembly (110ms)
			ExecutionOrderSort (0ms)
			DisableScriptedObjects (4ms)
			BackupInstance (0ms)
			ReleaseScriptingObjects (0ms)
			CreateAndSetChildDomain (20ms)
		EndReloadAssembly (855ms)
			LoadAssemblies (72ms)
			RebuildTransferFunctionScriptingTraits (0ms)
			SetupTypeCache (150ms)
			ReleaseScriptCaches (1ms)
			RebuildScriptCaches (26ms)
			SetupLoadedEditorAssemblies (590ms)
				LogAssemblyErrors (0ms)
				InitializePlatformSupportModulesInManaged (19ms)
				SetLoadedEditorAssemblies (0ms)
				RefreshPlugins (0ms)
				BeforeProcessingInitializeOnLoad (45ms)
				ProcessInitializeOnLoadAttributes (495ms)
				ProcessInitializeOnLoadMethodAttributes (19ms)
				AfterProcessingInitializeOnLoad (10ms)
				EditorAssembliesLoaded (0ms)
			ExecutionOrderSort2 (0ms)
			AwakeInstancesAfterBackupRestoration (6ms)
Platform modules already initialized, skipping
Refreshing native plugins compatible for Editor in 0.49 ms, found 3 plugins.
Preloading 0 native plugins for Editor in 0.00 ms.
Unloading 3363 Unused Serialized files (Serialized files now loaded: 0)
Unloading 22 unused Assets / (21.9 KB). Loaded Objects now: 3897.
Memory consumption went from 119.3 MB to 119.3 MB.
Total: 1.851300 ms (FindLiveObjects: 0.159000 ms CreateObjectMapping: 0.073600 ms MarkObjects: 1.599600 ms  DeleteObjects: 0.018000 ms)

AssetImportParameters requested are different than current active one (requested -> active):
  custom:video-decoder-ogg-theora: a1e56fd34408186e4bbccfd4996cb3dc -> 
  custom:container-muxer-webm: aa71ff27fc2769a1b78a27578f13a17b -> 
  custom:container-demuxer-webm: 4f35f7cbe854078d1ac9338744f61a02 -> 
  custom:video-encoder-webm-vp8: eb34c28f22e8b96e1ab97ce403110664 -> 
  custom:CustomObjectIndexerAttribute: bc11b3a6c3213fcdd17b65e7da85e133 -> 
  custom:audio-encoder-webm-vorbis: bf7c407c2cedff20999df2af8eb42d56 -> 
  custom:framework-win-MediaFoundation: 216162199b28c13a410421893ffa2e32 -> 
  custom:SearchIndexIgnoredProperties: e643bd26f0fe6173181afceb89e7c659 -> 
  custom:container-demuxer-ogg: 62fdf1f143b41e24485cea50d1cbac27 -> 
  custom:video-decoder-webm-vp8: 9c59270c3fd7afecdb556c50c9e8de78 -> 
  custom:audio-decoder-ogg-vorbis: bf7c407c2cedff20999df2af8eb42d56 -> 
========================================================================
Received Prepare
Registering precompiled user dll's ...
Registered in 0.010077 seconds.
Begin MonoManager ReloadAssembly
Native extension for WindowsStandalone target not found
Native extension for Android target not found
Native extension for WebGL target not found
Refreshing native plugins compatible for Editor in 0.53 ms, found 3 plugins.
Preloading 0 native plugins for Editor in 0.00 ms.
[Package Manager] Server::EnsureServerProcessIsRunning -- launch failed, reason: Unity was launched with the -noUpm command-line argument
[Package Manager] Cannot connect to Unity Package Manager local server
Mono: successfully reloaded assembly
- Completed reload, in  1.107 seconds
Domain Reload Profiling:
	ReloadAssembly (1108ms)
		BeginReloadAssembly (120ms)
			ExecutionOrderSort (0ms)
			DisableScriptedObjects (4ms)
			BackupInstance (0ms)
			ReleaseScriptingObjects (0ms)
			CreateAndSetChildDomain (25ms)
		EndReloadAssembly (905ms)
			LoadAssemblies (85ms)
			RebuildTransferFunctionScriptingTraits (0ms)
			SetupTypeCache (177ms)
			ReleaseScriptCaches (1ms)
			RebuildScriptCaches (37ms)
			SetupLoadedEditorAssemblies (584ms)
				LogAssemblyErrors (0ms)
				InitializePlatformSupportModulesInManaged (22ms)
				SetLoadedEditorAssemblies (0ms)
				RefreshPlugins (1ms)
				BeforeProcessingInitializeOnLoad (43ms)
				ProcessInitializeOnLoadAttributes (493ms)
				ProcessInitializeOnLoadMethodAttributes (15ms)
				AfterProcessingInitializeOnLoad (10ms)
				EditorAssembliesLoaded (0ms)
			ExecutionOrderSort2 (0ms)
			AwakeInstancesAfterBackupRestoration (5ms)
Platform modules already initialized, skipping
Refreshing native plugins compatible for Editor in 0.38 ms, found 3 plugins.
Preloading 0 native plugins for Editor in 0.00 ms.
Unloading 3363 Unused Serialized files (Serialized files now loaded: 0)
Unloading 22 unused Assets / (22.0 KB). Loaded Objects now: 3900.
Memory consumption went from 119.3 MB to 119.3 MB.
Total: 1.727200 ms (FindLiveObjects: 0.157000 ms CreateObjectMapping: 0.066900 ms MarkObjects: 1.487800 ms  DeleteObjects: 0.014800 ms)

AssetImportParameters requested are different than current active one (requested -> active):
  custom:video-decoder-ogg-theora: a1e56fd34408186e4bbccfd4996cb3dc -> 
  custom:container-muxer-webm: aa71ff27fc2769a1b78a27578f13a17b -> 
  custom:container-demuxer-webm: 4f35f7cbe854078d1ac9338744f61a02 -> 
  custom:video-encoder-webm-vp8: eb34c28f22e8b96e1ab97ce403110664 -> 
  custom:CustomObjectIndexerAttribute: bc11b3a6c3213fcdd17b65e7da85e133 -> 
  custom:audio-encoder-webm-vorbis: bf7c407c2cedff20999df2af8eb42d56 -> 
  custom:framework-win-MediaFoundation: 216162199b28c13a410421893ffa2e32 -> 
  custom:SearchIndexIgnoredProperties: e643bd26f0fe6173181afceb89e7c659 -> 
  custom:container-demuxer-ogg: 62fdf1f143b41e24485cea50d1cbac27 -> 
  custom:video-decoder-webm-vp8: 9c59270c3fd7afecdb556c50c9e8de78 -> 
  custom:audio-decoder-ogg-vorbis: bf7c407c2cedff20999df2af8eb42d56 -> 
========================================================================
Received Import Request.
  Time since last request: 47.417602 seconds.
  path: Assets/GameMain/DataTables/Weapon.txt
  artifactKey: Guid(ab4774faf71b57a40a29a9e902403fe3) Importer(815301076,1909f56bfc062723c751e8b465ee728b)
Number of updated assets reloaded before import = 0
Start importing Assets/GameMain/DataTables/Weapon.txt using Guid(ab4774faf71b57a40a29a9e902403fe3) Importer(815301076,1909f56bfc062723c751e8b465ee728b)  -> (artifact id: '090d7ee3f0a432d5264d86b505047a32') in 0.010542 seconds 
Number of asset objects unloaded after import = 1
========================================================================
Received Import Request.
  Time since last request: 0.361784 seconds.
  path: Assets/GameMain/DataTables/Weapon.bytes
  artifactKey: Guid(8b1acacd22538f34cb85287a0781ea5e) Importer(815301076,1909f56bfc062723c751e8b465ee728b)
Number of updated assets reloaded before import = 0
Start importing Assets/GameMain/DataTables/Weapon.bytes using Guid(8b1acacd22538f34cb85287a0781ea5e) Importer(815301076,1909f56bfc062723c751e8b465ee728b)  -> (artifact id: 'cd9d5387f41a58b8311da810244f468d') in 0.001813 seconds 
Number of asset objects unloaded after import = 1
========================================================================
Received Import Request.
  Time since last request: 0.366044 seconds.
  path: Assets/GameMain/DataTables/UIForm.txt
  artifactKey: Guid(352da872791696c48af3b21132e3e3c3) Importer(815301076,1909f56bfc062723c751e8b465ee728b)
Number of updated assets reloaded before import = 0
Start importing Assets/GameMain/DataTables/UIForm.txt using Guid(352da872791696c48af3b21132e3e3c3) Importer(815301076,1909f56bfc062723c751e8b465ee728b)  -> (artifact id: '99fdb2f0f22efde4b4b877b4b45aef6f') in 0.001395 seconds 
Number of asset objects unloaded after import = 1
========================================================================
Received Import Request.
  Time since last request: 0.356036 seconds.
  path: Assets/GameMain/DataTables/Thruster.txt
  artifactKey: Guid(9c3961f379234354e813d7b38146424d) Importer(815301076,1909f56bfc062723c751e8b465ee728b)
Number of updated assets reloaded before import = 0
Start importing Assets/GameMain/DataTables/Thruster.txt using Guid(9c3961f379234354e813d7b38146424d) Importer(815301076,1909f56bfc062723c751e8b465ee728b)  -> (artifact id: 'e5278208fc91766e95bfafa5c5dcc946') in 0.002164 seconds 
Number of asset objects unloaded after import = 1
========================================================================
Received Import Request.
  Time since last request: 22.311906 seconds.
  path: Assets/GameMain/Configs/ResourceBuilder.xml
  artifactKey: Guid(5461b0fc87a2ab04fbcfd898d18f6107) Importer(815301076,1909f56bfc062723c751e8b465ee728b)
Number of updated assets reloaded before import = 0
Start importing Assets/GameMain/Configs/ResourceBuilder.xml using Guid(5461b0fc87a2ab04fbcfd898d18f6107) Importer(815301076,1909f56bfc062723c751e8b465ee728b)  -> (artifact id: '77fa6b7b21be7ca2278b4e763de1a251') in 0.002278 seconds 
Number of asset objects unloaded after import = 1
========================================================================
Received Import Request.
  Time since last request: 0.727832 seconds.
  path: Assets/GameMain/Configs/ResourceCollection.xml
  artifactKey: Guid(b44bfac45a6cb7f448eb320ecc030a9c) Importer(815301076,1909f56bfc062723c751e8b465ee728b)
Number of updated assets reloaded before import = 0
Start importing Assets/GameMain/Configs/ResourceCollection.xml using Guid(b44bfac45a6cb7f448eb320ecc030a9c) Importer(815301076,1909f56bfc062723c751e8b465ee728b)  -> (artifact id: 'dd5c71df74904b8abf040dcc78a970a2') in 0.001963 seconds 
Number of asset objects unloaded after import = 1
========================================================================
Received Import Request.
  Time since last request: 0.709592 seconds.
  path: Assets/GameMain/Configs/ResourceEditor.xml
  artifactKey: Guid(bdb459eb89051ad49a70fba29cf6a110) Importer(815301076,1909f56bfc062723c751e8b465ee728b)
Number of updated assets reloaded before import = 0
Start importing Assets/GameMain/Configs/ResourceEditor.xml using Guid(bdb459eb89051ad49a70fba29cf6a110) Importer(815301076,1909f56bfc062723c751e8b465ee728b)  -> (artifact id: 'd956c430c3933382453fb462f8c9d925') in 0.001471 seconds 
Number of asset objects unloaded after import = 1
========================================================================
Received Import Request.
  Time since last request: 48.221250 seconds.
  path: Assets/GameMain/Scripts/Scene/HideByBoundary.cs
  artifactKey: Guid(649621152579e224a955822793b63aca) Importer(815301076,1909f56bfc062723c751e8b465ee728b)
Number of updated assets reloaded before import = 0
Start importing Assets/GameMain/Scripts/Scene/HideByBoundary.cs using Guid(649621152579e224a955822793b63aca) Importer(815301076,1909f56bfc062723c751e8b465ee728b)  -> (artifact id: '4d6d6fa4568acb817ec67e29fde47c21') in 0.001121 seconds 
Number of asset objects unloaded after import = 0
========================================================================
Received Import Request.
  Time since last request: 3.956938 seconds.
  path: Assets/GameMain/Scripts/Scene/ScrollableBackground.cs
  artifactKey: Guid(2712544bc58b0e44aa9df7e58e01e5c5) Importer(815301076,1909f56bfc062723c751e8b465ee728b)
Number of updated assets reloaded before import = 0
Start importing Assets/GameMain/Scripts/Scene/ScrollableBackground.cs using Guid(2712544bc58b0e44aa9df7e58e01e5c5) Importer(815301076,1909f56bfc062723c751e8b465ee728b)  -> (artifact id: 'cf879733dd87820bd3cc9b9917202063') in 0.001540 seconds 
Number of asset objects unloaded after import = 0
========================================================================
Received Import Request.
  Time since last request: 3.437702 seconds.
  path: Assets/GameMain/Scripts/Utility/WebUtility.cs
  artifactKey: Guid(bbf9721704b3fd240b878d887bf58800) Importer(815301076,1909f56bfc062723c751e8b465ee728b)
Number of updated assets reloaded before import = 0
Start importing Assets/GameMain/Scripts/Utility/WebUtility.cs using Guid(bbf9721704b3fd240b878d887bf58800) Importer(815301076,1909f56bfc062723c751e8b465ee728b)  -> (artifact id: 'd0bc85c1e7af1331efea64bcd2be431e') in 0.001079 seconds 
Number of asset objects unloaded after import = 0
========================================================================
Received Import Request.
  Time since last request: 0.515058 seconds.
  path: Assets/GameMain/Scripts/Utility/AssetUtility.cs
  artifactKey: Guid(ec33154bafd23a84a8f6a414f5b25ae2) Importer(815301076,1909f56bfc062723c751e8b465ee728b)
Number of updated assets reloaded before import = 0
Start importing Assets/GameMain/Scripts/Utility/AssetUtility.cs using Guid(ec33154bafd23a84a8f6a414f5b25ae2) Importer(815301076,1909f56bfc062723c751e8b465ee728b)  -> (artifact id: 'ff397492a0af1d0c87a4d9f46cb29242') in 0.001140 seconds 
Number of asset objects unloaded after import = 0
========================================================================
Received Import Request.
  Time since last request: 0.666086 seconds.
  path: Assets/GameMain/Scripts/Utility/AIUtility.cs
  artifactKey: Guid(f1870ca304d9c4d49905b5d3da2841e5) Importer(815301076,1909f56bfc062723c751e8b465ee728b)
Number of updated assets reloaded before import = 0
Start importing Assets/GameMain/Scripts/Utility/AIUtility.cs using Guid(f1870ca304d9c4d49905b5d3da2841e5) Importer(815301076,1909f56bfc062723c751e8b465ee728b)  -> (artifact id: '8cd9438ca3c57e626bd9c8a66f35f531') in 0.001678 seconds 
Number of asset objects unloaded after import = 0
========================================================================
Received Import Request.
  Time since last request: 19.164839 seconds.
  path: Assets/GameMain/Scripts/UI/MenuForm.cs
  artifactKey: Guid(d0fea4037c7349d49af8583511aaeb86) Importer(815301076,1909f56bfc062723c751e8b465ee728b)
Number of updated assets reloaded before import = 0
Start importing Assets/GameMain/Scripts/UI/MenuForm.cs using Guid(d0fea4037c7349d49af8583511aaeb86) Importer(815301076,1909f56bfc062723c751e8b465ee728b)  -> (artifact id: 'f5ceaf841bebc71e03297088dd4163b5') in 0.001072 seconds 
Number of asset objects unloaded after import = 0
========================================================================
Received Import Request.
  Time since last request: 19.805557 seconds.
  path: Assets/GameMain/Scripts/UI/SettingForm.cs
  artifactKey: Guid(02bbd1c1f00c17842b1449ae2b66a932) Importer(815301076,1909f56bfc062723c751e8b465ee728b)
Number of updated assets reloaded before import = 0
Start importing Assets/GameMain/Scripts/UI/SettingForm.cs using Guid(02bbd1c1f00c17842b1449ae2b66a932) Importer(815301076,1909f56bfc062723c751e8b465ee728b)  -> (artifact id: '7e6375f89ae12b09ed94e03632235526') in 0.001509 seconds 
Number of asset objects unloaded after import = 0
========================================================================
Received Prepare
Registering precompiled user dll's ...
Registered in 0.007410 seconds.
Begin MonoManager ReloadAssembly
Native extension for WindowsStandalone target not found
Native extension for Android target not found
Native extension for WebGL target not found
Refreshing native plugins compatible for Editor in 0.37 ms, found 3 plugins.
Preloading 0 native plugins for Editor in 0.00 ms.
[Package Manager] Server::EnsureServerProcessIsRunning -- launch failed, reason: Unity was launched with the -noUpm command-line argument
[Package Manager] Cannot connect to Unity Package Manager local server
Mono: successfully reloaded assembly
- Completed reload, in  1.077 seconds
Domain Reload Profiling:
	ReloadAssembly (1078ms)
		BeginReloadAssembly (113ms)
			ExecutionOrderSort (0ms)
			DisableScriptedObjects (4ms)
			BackupInstance (0ms)
			ReleaseScriptingObjects (0ms)
			CreateAndSetChildDomain (22ms)
		EndReloadAssembly (882ms)
			LoadAssemblies (77ms)
			RebuildTransferFunctionScriptingTraits (0ms)
			SetupTypeCache (168ms)
			ReleaseScriptCaches (1ms)
			RebuildScriptCaches (32ms)
			SetupLoadedEditorAssemblies (590ms)
				LogAssemblyErrors (0ms)
				InitializePlatformSupportModulesInManaged (17ms)
				SetLoadedEditorAssemblies (0ms)
				RefreshPlugins (0ms)
				BeforeProcessingInitializeOnLoad (40ms)
				ProcessInitializeOnLoadAttributes (506ms)
				ProcessInitializeOnLoadMethodAttributes (16ms)
				AfterProcessingInitializeOnLoad (10ms)
				EditorAssembliesLoaded (0ms)
			ExecutionOrderSort2 (0ms)
			AwakeInstancesAfterBackupRestoration (5ms)
Platform modules already initialized, skipping
Refreshing native plugins compatible for Editor in 0.82 ms, found 3 plugins.
Preloading 0 native plugins for Editor in 0.00 ms.
Unloading 3363 Unused Serialized files (Serialized files now loaded: 0)
Unloading 22 unused Assets / (22.0 KB). Loaded Objects now: 3903.
Memory consumption went from 119.3 MB to 119.3 MB.
Total: 1.898400 ms (FindLiveObjects: 0.225000 ms CreateObjectMapping: 0.068500 ms MarkObjects: 1.585100 ms  DeleteObjects: 0.018400 ms)

AssetImportParameters requested are different than current active one (requested -> active):
  custom:video-decoder-ogg-theora: a1e56fd34408186e4bbccfd4996cb3dc -> 
  custom:container-muxer-webm: aa71ff27fc2769a1b78a27578f13a17b -> 
  custom:container-demuxer-webm: 4f35f7cbe854078d1ac9338744f61a02 -> 
  custom:video-encoder-webm-vp8: eb34c28f22e8b96e1ab97ce403110664 -> 
  custom:CustomObjectIndexerAttribute: bc11b3a6c3213fcdd17b65e7da85e133 -> 
  custom:audio-encoder-webm-vorbis: bf7c407c2cedff20999df2af8eb42d56 -> 
  custom:framework-win-MediaFoundation: 216162199b28c13a410421893ffa2e32 -> 
  custom:SearchIndexIgnoredProperties: e643bd26f0fe6173181afceb89e7c659 -> 
  custom:container-demuxer-ogg: 62fdf1f143b41e24485cea50d1cbac27 -> 
  custom:video-decoder-webm-vp8: 9c59270c3fd7afecdb556c50c9e8de78 -> 
  custom:audio-decoder-ogg-vorbis: bf7c407c2cedff20999df2af8eb42d56 -> 
========================================================================
Received Import Request.
  Time since last request: 615.270773 seconds.
  path: Assets/GameMain/Scripts/UI/MenuTestForm.cs
  artifactKey: Guid(4c7c914c3b8dd514b9354071b876c400) Importer(815301076,1909f56bfc062723c751e8b465ee728b)
Number of updated assets reloaded before import = 0
Start importing Assets/GameMain/Scripts/UI/MenuTestForm.cs using Guid(4c7c914c3b8dd514b9354071b876c400) Importer(815301076,1909f56bfc062723c751e8b465ee728b)  -> (artifact id: '995a608b500d6f5e711e119d62d655b4') in 0.005617 seconds 
Number of asset objects unloaded after import = 0
========================================================================
Received Prepare
Registering precompiled user dll's ...
Registered in 0.006953 seconds.
Begin MonoManager ReloadAssembly
Native extension for WindowsStandalone target not found
Native extension for Android target not found
Native extension for WebGL target not found
Refreshing native plugins compatible for Editor in 0.35 ms, found 3 plugins.
Preloading 0 native plugins for Editor in 0.00 ms.
[Package Manager] Server::EnsureServerProcessIsRunning -- launch failed, reason: Unity was launched with the -noUpm command-line argument
[Package Manager] Cannot connect to Unity Package Manager local server
Mono: successfully reloaded assembly
- Completed reload, in  1.031 seconds
Domain Reload Profiling:
	ReloadAssembly (1032ms)
		BeginReloadAssembly (111ms)
			ExecutionOrderSort (0ms)
			DisableScriptedObjects (4ms)
			BackupInstance (0ms)
			ReleaseScriptingObjects (0ms)
			CreateAndSetChildDomain (21ms)
		EndReloadAssembly (839ms)
			LoadAssemblies (76ms)
			RebuildTransferFunctionScriptingTraits (0ms)
			SetupTypeCache (155ms)
			ReleaseScriptCaches (1ms)
			RebuildScriptCaches (25ms)
			SetupLoadedEditorAssemblies (571ms)
				LogAssemblyErrors (0ms)
				InitializePlatformSupportModulesInManaged (16ms)
				SetLoadedEditorAssemblies (0ms)
				RefreshPlugins (0ms)
				BeforeProcessingInitializeOnLoad (38ms)
				ProcessInitializeOnLoadAttributes (489ms)
				ProcessInitializeOnLoadMethodAttributes (17ms)
				AfterProcessingInitializeOnLoad (9ms)
				EditorAssembliesLoaded (0ms)
			ExecutionOrderSort2 (0ms)
			AwakeInstancesAfterBackupRestoration (5ms)
Platform modules already initialized, skipping
Refreshing native plugins compatible for Editor in 0.34 ms, found 3 plugins.
Preloading 0 native plugins for Editor in 0.00 ms.
Unloading 3364 Unused Serialized files (Serialized files now loaded: 0)
Unloading 22 unused Assets / (21.9 KB). Loaded Objects now: 3907.
Memory consumption went from 119.3 MB to 119.3 MB.
Total: 1.971800 ms (FindLiveObjects: 0.172400 ms CreateObjectMapping: 0.070200 ms MarkObjects: 1.708700 ms  DeleteObjects: 0.019600 ms)

AssetImportParameters requested are different than current active one (requested -> active):
  custom:video-decoder-ogg-theora: a1e56fd34408186e4bbccfd4996cb3dc -> 
  custom:container-muxer-webm: aa71ff27fc2769a1b78a27578f13a17b -> 
  custom:container-demuxer-webm: 4f35f7cbe854078d1ac9338744f61a02 -> 
  custom:video-encoder-webm-vp8: eb34c28f22e8b96e1ab97ce403110664 -> 
  custom:CustomObjectIndexerAttribute: bc11b3a6c3213fcdd17b65e7da85e133 -> 
  custom:audio-encoder-webm-vorbis: bf7c407c2cedff20999df2af8eb42d56 -> 
  custom:framework-win-MediaFoundation: 216162199b28c13a410421893ffa2e32 -> 
  custom:SearchIndexIgnoredProperties: e643bd26f0fe6173181afceb89e7c659 -> 
  custom:container-demuxer-ogg: 62fdf1f143b41e24485cea50d1cbac27 -> 
  custom:video-decoder-webm-vp8: 9c59270c3fd7afecdb556c50c9e8de78 -> 
  custom:audio-decoder-ogg-vorbis: bf7c407c2cedff20999df2af8eb42d56 -> 
========================================================================
Received Import Request.
  Time since last request: 23.958279 seconds.
  path: Assets/GameMain/UI/UIForms/MenuTestForm.prefab
  artifactKey: Guid(49df08c3bdc84e64db062fac0323df6b) Importer(815301076,1909f56bfc062723c751e8b465ee728b)
Number of updated assets reloaded before import = 0
Start importing Assets/GameMain/UI/UIForms/MenuTestForm.prefab using Guid(49df08c3bdc84e64db062fac0323df6b) Importer(815301076,1909f56bfc062723c751e8b465ee728b)  -> (artifact id: 'd8136f2c3faea6de141fd92d30ae90f3') in 0.025433 seconds 
Number of asset objects unloaded after import = 25
========================================================================
Received Import Request.
  Time since last request: 165.104930 seconds.
  path: Assets/GameMain/Scripts/UI/MenuTestForm.cs
  artifactKey: Guid(4c7c914c3b8dd514b9354071b876c400) Importer(815301076,1909f56bfc062723c751e8b465ee728b)
Number of updated assets reloaded before import = 0
Start importing Assets/GameMain/Scripts/UI/MenuTestForm.cs using Guid(4c7c914c3b8dd514b9354071b876c400) Importer(815301076,1909f56bfc062723c751e8b465ee728b)  -> (artifact id: '5378d4cde6d5005340140bf02db6b86f') in 0.001111 seconds 
Number of asset objects unloaded after import = 0
========================================================================
Received Import Request.
  Time since last request: 19.301773 seconds.
  path: Assets/GameMain/Scripts/UI/MenuTestForm.cs
  artifactKey: Guid(4c7c914c3b8dd514b9354071b876c400) Importer(815301076,1909f56bfc062723c751e8b465ee728b)
Number of updated assets reloaded before import = 0
Start importing Assets/GameMain/Scripts/UI/MenuTestForm.cs using Guid(4c7c914c3b8dd514b9354071b876c400) Importer(815301076,1909f56bfc062723c751e8b465ee728b)  -> (artifact id: '51b918639600ff09bc07af4a6858dc76') in 0.001055 seconds 
Number of asset objects unloaded after import = 0
========================================================================
Received Prepare
Registering precompiled user dll's ...
Registered in 0.007593 seconds.
Begin MonoManager ReloadAssembly
Native extension for WindowsStandalone target not found
Native extension for Android target not found
Native extension for WebGL target not found
Refreshing native plugins compatible for Editor in 0.35 ms, found 3 plugins.
Preloading 0 native plugins for Editor in 0.00 ms.
[Package Manager] Server::EnsureServerProcessIsRunning -- launch failed, reason: Unity was launched with the -noUpm command-line argument
[Package Manager] Cannot connect to Unity Package Manager local server
Mono: successfully reloaded assembly
- Completed reload, in  1.039 seconds
Domain Reload Profiling:
	ReloadAssembly (1039ms)
		BeginReloadAssembly (119ms)
			ExecutionOrderSort (0ms)
			DisableScriptedObjects (4ms)
			BackupInstance (0ms)
			ReleaseScriptingObjects (0ms)
			CreateAndSetChildDomain (23ms)
		EndReloadAssembly (843ms)
			LoadAssemblies (78ms)
			RebuildTransferFunctionScriptingTraits (0ms)
			SetupTypeCache (160ms)
			ReleaseScriptCaches (1ms)
			RebuildScriptCaches (25ms)
			SetupLoadedEditorAssemblies (570ms)
				LogAssemblyErrors (0ms)
				InitializePlatformSupportModulesInManaged (17ms)
				SetLoadedEditorAssemblies (0ms)
				RefreshPlugins (0ms)
				BeforeProcessingInitializeOnLoad (41ms)
				ProcessInitializeOnLoadAttributes (488ms)
				ProcessInitializeOnLoadMethodAttributes (14ms)
				AfterProcessingInitializeOnLoad (10ms)
				EditorAssembliesLoaded (0ms)
			ExecutionOrderSort2 (0ms)
			AwakeInstancesAfterBackupRestoration (5ms)
Platform modules already initialized, skipping
Refreshing native plugins compatible for Editor in 0.37 ms, found 3 plugins.
Preloading 0 native plugins for Editor in 0.00 ms.
Unloading 3364 Unused Serialized files (Serialized files now loaded: 0)
Unloading 24 unused Assets / (23.5 KB). Loaded Objects now: 3910.
Memory consumption went from 119.4 MB to 119.4 MB.
Total: 1.903000 ms (FindLiveObjects: 0.146800 ms CreateObjectMapping: 0.066200 ms MarkObjects: 1.664200 ms  DeleteObjects: 0.024800 ms)

AssetImportParameters requested are different than current active one (requested -> active):
  custom:video-decoder-ogg-theora: a1e56fd34408186e4bbccfd4996cb3dc -> 
  custom:container-muxer-webm: aa71ff27fc2769a1b78a27578f13a17b -> 
  custom:container-demuxer-webm: 4f35f7cbe854078d1ac9338744f61a02 -> 
  custom:video-encoder-webm-vp8: eb34c28f22e8b96e1ab97ce403110664 -> 
  custom:CustomObjectIndexerAttribute: bc11b3a6c3213fcdd17b65e7da85e133 -> 
  custom:audio-encoder-webm-vorbis: bf7c407c2cedff20999df2af8eb42d56 -> 
  custom:framework-win-MediaFoundation: 216162199b28c13a410421893ffa2e32 -> 
  custom:SearchIndexIgnoredProperties: e643bd26f0fe6173181afceb89e7c659 -> 
  custom:container-demuxer-ogg: 62fdf1f143b41e24485cea50d1cbac27 -> 
  custom:video-decoder-webm-vp8: 9c59270c3fd7afecdb556c50c9e8de78 -> 
  custom:audio-decoder-ogg-vorbis: bf7c407c2cedff20999df2af8eb42d56 -> 
========================================================================
Received Import Request.
  Time since last request: 664.912653 seconds.
  path: Assets/GameMain/Scripts/UI/UGuiForm.cs
  artifactKey: Guid(0b92f84dc56dc764a9c261fe47df5520) Importer(815301076,1909f56bfc062723c751e8b465ee728b)
Number of updated assets reloaded before import = 0
Start importing Assets/GameMain/Scripts/UI/UGuiForm.cs using Guid(0b92f84dc56dc764a9c261fe47df5520) Importer(815301076,1909f56bfc062723c751e8b465ee728b)  -> (artifact id: '3113bafb3054daaaaa02387a60f18135') in 0.008011 seconds 
Number of asset objects unloaded after import = 0
========================================================================
Received Prepare
Registering precompiled user dll's ...
Registered in 0.007594 seconds.
Begin MonoManager ReloadAssembly
Native extension for WindowsStandalone target not found
Native extension for Android target not found
Native extension for WebGL target not found
Refreshing native plugins compatible for Editor in 0.38 ms, found 3 plugins.
Preloading 0 native plugins for Editor in 0.00 ms.
[Package Manager] Server::EnsureServerProcessIsRunning -- launch failed, reason: Unity was launched with the -noUpm command-line argument
[Package Manager] Cannot connect to Unity Package Manager local server
Mono: successfully reloaded assembly
- Completed reload, in  1.016 seconds
Domain Reload Profiling:
	ReloadAssembly (1017ms)
		BeginReloadAssembly (114ms)
			ExecutionOrderSort (0ms)
			DisableScriptedObjects (4ms)
			BackupInstance (0ms)
			ReleaseScriptingObjects (0ms)
			CreateAndSetChildDomain (21ms)
		EndReloadAssembly (825ms)
			LoadAssemblies (78ms)
			RebuildTransferFunctionScriptingTraits (0ms)
			SetupTypeCache (142ms)
			ReleaseScriptCaches (1ms)
			RebuildScriptCaches (25ms)
			SetupLoadedEditorAssemblies (573ms)
				LogAssemblyErrors (0ms)
				InitializePlatformSupportModulesInManaged (17ms)
				SetLoadedEditorAssemblies (0ms)
				RefreshPlugins (0ms)
				BeforeProcessingInitializeOnLoad (39ms)
				ProcessInitializeOnLoadAttributes (492ms)
				ProcessInitializeOnLoadMethodAttributes (15ms)
				AfterProcessingInitializeOnLoad (10ms)
				EditorAssembliesLoaded (0ms)
			ExecutionOrderSort2 (0ms)
			AwakeInstancesAfterBackupRestoration (5ms)
Platform modules already initialized, skipping
Refreshing native plugins compatible for Editor in 0.31 ms, found 3 plugins.
Preloading 0 native plugins for Editor in 0.00 ms.
Unloading 3364 Unused Serialized files (Serialized files now loaded: 0)
Unloading 22 unused Assets / (21.9 KB). Loaded Objects now: 3913.
Memory consumption went from 119.4 MB to 119.4 MB.
Total: 2.317300 ms (FindLiveObjects: 0.169400 ms CreateObjectMapping: 0.070000 ms MarkObjects: 2.053900 ms  DeleteObjects: 0.022600 ms)

AssetImportParameters requested are different than current active one (requested -> active):
  custom:video-decoder-ogg-theora: a1e56fd34408186e4bbccfd4996cb3dc -> 
  custom:container-muxer-webm: aa71ff27fc2769a1b78a27578f13a17b -> 
  custom:container-demuxer-webm: 4f35f7cbe854078d1ac9338744f61a02 -> 
  custom:video-encoder-webm-vp8: eb34c28f22e8b96e1ab97ce403110664 -> 
  custom:CustomObjectIndexerAttribute: bc11b3a6c3213fcdd17b65e7da85e133 -> 
  custom:audio-encoder-webm-vorbis: bf7c407c2cedff20999df2af8eb42d56 -> 
  custom:framework-win-MediaFoundation: 216162199b28c13a410421893ffa2e32 -> 
  custom:SearchIndexIgnoredProperties: e643bd26f0fe6173181afceb89e7c659 -> 
  custom:container-demuxer-ogg: 62fdf1f143b41e24485cea50d1cbac27 -> 
  custom:video-decoder-webm-vp8: 9c59270c3fd7afecdb556c50c9e8de78 -> 
  custom:audio-decoder-ogg-vorbis: bf7c407c2cedff20999df2af8eb42d56 -> 
========================================================================
Received Import Request.
  Time since last request: 176.143095 seconds.
  path: Assets/GameMain/UI/UIForms/MenuTestForm.prefab
  artifactKey: Guid(49df08c3bdc84e64db062fac0323df6b) Importer(815301076,1909f56bfc062723c751e8b465ee728b)
Number of updated assets reloaded before import = 0
Start importing Assets/GameMain/UI/UIForms/MenuTestForm.prefab using Guid(49df08c3bdc84e64db062fac0323df6b) Importer(815301076,1909f56bfc062723c751e8b465ee728b)  -> (artifact id: '480f3842769859a1abfeb7e3c3ec673e') in 0.025322 seconds 
Number of asset objects unloaded after import = 25
========================================================================
Received Import Request.
  Time since last request: 34.183520 seconds.
  path: Assets/GameMain/DataTables/Music.bytes
  artifactKey: Guid(9b433f0bb7fef6f4085c316a0d88c307) Importer(815301076,1909f56bfc062723c751e8b465ee728b)
Number of updated assets reloaded before import = 0
Start importing Assets/GameMain/DataTables/Music.bytes using Guid(9b433f0bb7fef6f4085c316a0d88c307) Importer(815301076,1909f56bfc062723c751e8b465ee728b)  -> (artifact id: '3c651566632125f9763de2b486ae7031') in 0.001726 seconds 
Number of asset objects unloaded after import = 1
========================================================================
Received Import Request.
  Time since last request: 883.132112 seconds.
  path: Assets/GameMain/Scripts/Procedure/ProcedureMenu.cs
  artifactKey: Guid(f18b1cb5fa9307644a25f8a71513814d) Importer(815301076,1909f56bfc062723c751e8b465ee728b)
Number of updated assets reloaded before import = 0
Start importing Assets/GameMain/Scripts/Procedure/ProcedureMenu.cs using Guid(f18b1cb5fa9307644a25f8a71513814d) Importer(815301076,1909f56bfc062723c751e8b465ee728b)  -> (artifact id: 'ab28d3b966b9227ceb7f11c303e09849') in 0.001696 seconds 
Number of asset objects unloaded after import = 0
========================================================================
Received Import Request.
  Time since last request: 102.693857 seconds.
  path: Assets/GameMain/Scripts/Procedure/ProcedureMenu.cs
  artifactKey: Guid(f18b1cb5fa9307644a25f8a71513814d) Importer(815301076,1909f56bfc062723c751e8b465ee728b)
Number of updated assets reloaded before import = 0
Start importing Assets/GameMain/Scripts/Procedure/ProcedureMenu.cs using Guid(f18b1cb5fa9307644a25f8a71513814d) Importer(815301076,1909f56bfc062723c751e8b465ee728b)  -> (artifact id: 'ff0a4ca1eec400c3f76f6181819b191c') in 0.001463 seconds 
Number of asset objects unloaded after import = 0
========================================================================
Received Prepare
Registering precompiled user dll's ...
Registered in 0.007022 seconds.
Begin MonoManager ReloadAssembly
Native extension for WindowsStandalone target not found
Native extension for Android target not found
Native extension for WebGL target not found
Refreshing native plugins compatible for Editor in 0.36 ms, found 3 plugins.
Preloading 0 native plugins for Editor in 0.00 ms.
[Package Manager] Server::EnsureServerProcessIsRunning -- launch failed, reason: Unity was launched with the -noUpm command-line argument
[Package Manager] Cannot connect to Unity Package Manager local server
Mono: successfully reloaded assembly
- Completed reload, in  1.039 seconds
Domain Reload Profiling:
	ReloadAssembly (1040ms)
		BeginReloadAssembly (115ms)
			ExecutionOrderSort (0ms)
			DisableScriptedObjects (3ms)
			BackupInstance (0ms)
			ReleaseScriptingObjects (0ms)
			CreateAndSetChildDomain (23ms)
		EndReloadAssembly (851ms)
			LoadAssemblies (79ms)
			RebuildTransferFunctionScriptingTraits (0ms)
			SetupTypeCache (162ms)
			ReleaseScriptCaches (1ms)
			RebuildScriptCaches (25ms)
			SetupLoadedEditorAssemblies (573ms)
				LogAssemblyErrors (0ms)
				InitializePlatformSupportModulesInManaged (18ms)
				SetLoadedEditorAssemblies (0ms)
				RefreshPlugins (0ms)
				BeforeProcessingInitializeOnLoad (40ms)
				ProcessInitializeOnLoadAttributes (489ms)
				ProcessInitializeOnLoadMethodAttributes (15ms)
				AfterProcessingInitializeOnLoad (10ms)
				EditorAssembliesLoaded (0ms)
			ExecutionOrderSort2 (0ms)
			AwakeInstancesAfterBackupRestoration (5ms)
Platform modules already initialized, skipping
Refreshing native plugins compatible for Editor in 0.50 ms, found 3 plugins.
Preloading 0 native plugins for Editor in 0.00 ms.
Unloading 3364 Unused Serialized files (Serialized files now loaded: 0)
Unloading 24 unused Assets / (23.5 KB). Loaded Objects now: 3916.
Memory consumption went from 119.4 MB to 119.4 MB.
Total: 1.923100 ms (FindLiveObjects: 0.150000 ms CreateObjectMapping: 0.067300 ms MarkObjects: 1.682600 ms  DeleteObjects: 0.022200 ms)

AssetImportParameters requested are different than current active one (requested -> active):
  custom:video-decoder-ogg-theora: a1e56fd34408186e4bbccfd4996cb3dc -> 
  custom:container-muxer-webm: aa71ff27fc2769a1b78a27578f13a17b -> 
  custom:container-demuxer-webm: 4f35f7cbe854078d1ac9338744f61a02 -> 
  custom:video-encoder-webm-vp8: eb34c28f22e8b96e1ab97ce403110664 -> 
  custom:CustomObjectIndexerAttribute: bc11b3a6c3213fcdd17b65e7da85e133 -> 
  custom:audio-encoder-webm-vorbis: bf7c407c2cedff20999df2af8eb42d56 -> 
  custom:framework-win-MediaFoundation: 216162199b28c13a410421893ffa2e32 -> 
  custom:SearchIndexIgnoredProperties: e643bd26f0fe6173181afceb89e7c659 -> 
  custom:container-demuxer-ogg: 62fdf1f143b41e24485cea50d1cbac27 -> 
  custom:video-decoder-webm-vp8: 9c59270c3fd7afecdb556c50c9e8de78 -> 
  custom:audio-decoder-ogg-vorbis: bf7c407c2cedff20999df2af8eb42d56 -> 
========================================================================
Received Prepare
Registering precompiled user dll's ...
Registered in 0.007474 seconds.
Begin MonoManager ReloadAssembly
Native extension for WindowsStandalone target not found
Native extension for Android target not found
Native extension for WebGL target not found
Refreshing native plugins compatible for Editor in 0.36 ms, found 3 plugins.
Preloading 0 native plugins for Editor in 0.00 ms.
[Package Manager] Server::EnsureServerProcessIsRunning -- launch failed, reason: Unity was launched with the -noUpm command-line argument
[Package Manager] Cannot connect to Unity Package Manager local server
Mono: successfully reloaded assembly
- Completed reload, in  1.034 seconds
Domain Reload Profiling:
	ReloadAssembly (1035ms)
		BeginReloadAssembly (112ms)
			ExecutionOrderSort (0ms)
			DisableScriptedObjects (4ms)
			BackupInstance (0ms)
			ReleaseScriptingObjects (0ms)
			CreateAndSetChildDomain (19ms)
		EndReloadAssembly (850ms)
			LoadAssemblies (81ms)
			RebuildTransferFunctionScriptingTraits (0ms)
			SetupTypeCache (148ms)
			ReleaseScriptCaches (1ms)
			RebuildScriptCaches (26ms)
			SetupLoadedEditorAssemblies (586ms)
				LogAssemblyErrors (0ms)
				InitializePlatformSupportModulesInManaged (17ms)
				SetLoadedEditorAssemblies (0ms)
				RefreshPlugins (0ms)
				BeforeProcessingInitializeOnLoad (43ms)
				ProcessInitializeOnLoadAttributes (499ms)
				ProcessInitializeOnLoadMethodAttributes (16ms)
				AfterProcessingInitializeOnLoad (10ms)
				EditorAssembliesLoaded (0ms)
			ExecutionOrderSort2 (0ms)
			AwakeInstancesAfterBackupRestoration (6ms)
Platform modules already initialized, skipping
Refreshing native plugins compatible for Editor in 0.37 ms, found 3 plugins.
Preloading 0 native plugins for Editor in 0.00 ms.
Unloading 3364 Unused Serialized files (Serialized files now loaded: 0)
Unloading 22 unused Assets / (22.0 KB). Loaded Objects now: 3919.
Memory consumption went from 119.4 MB to 119.4 MB.
Total: 2.390600 ms (FindLiveObjects: 0.227400 ms CreateObjectMapping: 0.147000 ms MarkObjects: 1.992000 ms  DeleteObjects: 0.023300 ms)

AssetImportParameters requested are different than current active one (requested -> active):
  custom:video-decoder-ogg-theora: a1e56fd34408186e4bbccfd4996cb3dc -> 
  custom:container-muxer-webm: aa71ff27fc2769a1b78a27578f13a17b -> 
  custom:container-demuxer-webm: 4f35f7cbe854078d1ac9338744f61a02 -> 
  custom:video-encoder-webm-vp8: eb34c28f22e8b96e1ab97ce403110664 -> 
  custom:CustomObjectIndexerAttribute: bc11b3a6c3213fcdd17b65e7da85e133 -> 
  custom:audio-encoder-webm-vorbis: bf7c407c2cedff20999df2af8eb42d56 -> 
  custom:framework-win-MediaFoundation: 216162199b28c13a410421893ffa2e32 -> 
  custom:SearchIndexIgnoredProperties: e643bd26f0fe6173181afceb89e7c659 -> 
  custom:container-demuxer-ogg: 62fdf1f143b41e24485cea50d1cbac27 -> 
  custom:video-decoder-webm-vp8: 9c59270c3fd7afecdb556c50c9e8de78 -> 
  custom:audio-decoder-ogg-vorbis: bf7c407c2cedff20999df2af8eb42d56 -> 
========================================================================
Received Prepare
Registering precompiled user dll's ...
Registered in 0.007535 seconds.
Begin MonoManager ReloadAssembly
Native extension for WindowsStandalone target not found
Native extension for Android target not found
Native extension for WebGL target not found
Refreshing native plugins compatible for Editor in 0.36 ms, found 3 plugins.
Preloading 0 native plugins for Editor in 0.00 ms.
[Package Manager] Server::EnsureServerProcessIsRunning -- launch failed, reason: Unity was launched with the -noUpm command-line argument
[Package Manager] Cannot connect to Unity Package Manager local server
Mono: successfully reloaded assembly
- Completed reload, in  1.030 seconds
Domain Reload Profiling:
	ReloadAssembly (1031ms)
		BeginReloadAssembly (117ms)
			ExecutionOrderSort (0ms)
			DisableScriptedObjects (4ms)
			BackupInstance (0ms)
			ReleaseScriptingObjects (0ms)
			CreateAndSetChildDomain (20ms)
		EndReloadAssembly (838ms)
			LoadAssemblies (81ms)
			RebuildTransferFunctionScriptingTraits (0ms)
			SetupTypeCache (159ms)
			ReleaseScriptCaches (1ms)
			RebuildScriptCaches (25ms)
			SetupLoadedEditorAssemblies (570ms)
				LogAssemblyErrors (0ms)
				InitializePlatformSupportModulesInManaged (17ms)
				SetLoadedEditorAssemblies (0ms)
				RefreshPlugins (0ms)
				BeforeProcessingInitializeOnLoad (42ms)
				ProcessInitializeOnLoadAttributes (488ms)
				ProcessInitializeOnLoadMethodAttributes (13ms)
				AfterProcessingInitializeOnLoad (9ms)
				EditorAssembliesLoaded (0ms)
			ExecutionOrderSort2 (0ms)
			AwakeInstancesAfterBackupRestoration (5ms)
Platform modules already initialized, skipping
Refreshing native plugins compatible for Editor in 0.33 ms, found 3 plugins.
Preloading 0 native plugins for Editor in 0.00 ms.
Unloading 3364 Unused Serialized files (Serialized files now loaded: 0)
Unloading 22 unused Assets / (21.9 KB). Loaded Objects now: 3922.
Memory consumption went from 119.4 MB to 119.4 MB.
Total: 2.151000 ms (FindLiveObjects: 0.202400 ms CreateObjectMapping: 0.115800 ms MarkObjects: 1.813000 ms  DeleteObjects: 0.019000 ms)

AssetImportParameters requested are different than current active one (requested -> active):
  custom:video-decoder-ogg-theora: a1e56fd34408186e4bbccfd4996cb3dc -> 
  custom:container-muxer-webm: aa71ff27fc2769a1b78a27578f13a17b -> 
  custom:container-demuxer-webm: 4f35f7cbe854078d1ac9338744f61a02 -> 
  custom:video-encoder-webm-vp8: eb34c28f22e8b96e1ab97ce403110664 -> 
  custom:CustomObjectIndexerAttribute: bc11b3a6c3213fcdd17b65e7da85e133 -> 
  custom:audio-encoder-webm-vorbis: bf7c407c2cedff20999df2af8eb42d56 -> 
  custom:framework-win-MediaFoundation: 216162199b28c13a410421893ffa2e32 -> 
  custom:SearchIndexIgnoredProperties: e643bd26f0fe6173181afceb89e7c659 -> 
  custom:container-demuxer-ogg: 62fdf1f143b41e24485cea50d1cbac27 -> 
  custom:video-decoder-webm-vp8: 9c59270c3fd7afecdb556c50c9e8de78 -> 
  custom:audio-decoder-ogg-vorbis: bf7c407c2cedff20999df2af8eb42d56 -> 
========================================================================
Received Prepare
Registering precompiled user dll's ...
Registered in 0.007419 seconds.
Begin MonoManager ReloadAssembly
Native extension for WindowsStandalone target not found
Native extension for Android target not found
Native extension for WebGL target not found
Refreshing native plugins compatible for Editor in 0.41 ms, found 3 plugins.
Preloading 0 native plugins for Editor in 0.00 ms.
[Package Manager] Server::EnsureServerProcessIsRunning -- launch failed, reason: Unity was launched with the -noUpm command-line argument
[Package Manager] Cannot connect to Unity Package Manager local server
Mono: successfully reloaded assembly
- Completed reload, in  1.057 seconds
Domain Reload Profiling:
	ReloadAssembly (1057ms)
		BeginReloadAssembly (116ms)
			ExecutionOrderSort (0ms)
			DisableScriptedObjects (6ms)
			BackupInstance (0ms)
			ReleaseScriptingObjects (0ms)
			CreateAndSetChildDomain (20ms)
		EndReloadAssembly (868ms)
			LoadAssemblies (79ms)
			RebuildTransferFunctionScriptingTraits (0ms)
			SetupTypeCache (151ms)
			ReleaseScriptCaches (1ms)
			RebuildScriptCaches (27ms)
			SetupLoadedEditorAssemblies (599ms)
				LogAssemblyErrors (0ms)
				InitializePlatformSupportModulesInManaged (21ms)
				SetLoadedEditorAssemblies (0ms)
				RefreshPlugins (0ms)
				BeforeProcessingInitializeOnLoad (52ms)
				ProcessInitializeOnLoadAttributes (500ms)
				ProcessInitializeOnLoadMethodAttributes (14ms)
				AfterProcessingInitializeOnLoad (10ms)
				EditorAssembliesLoaded (0ms)
			ExecutionOrderSort2 (0ms)
			AwakeInstancesAfterBackupRestoration (5ms)
Platform modules already initialized, skipping
Refreshing native plugins compatible for Editor in 0.56 ms, found 3 plugins.
Preloading 0 native plugins for Editor in 0.00 ms.
Unloading 3364 Unused Serialized files (Serialized files now loaded: 0)
Unloading 22 unused Assets / (22.0 KB). Loaded Objects now: 3925.
Memory consumption went from 119.4 MB to 119.4 MB.
Total: 1.839700 ms (FindLiveObjects: 0.187800 ms CreateObjectMapping: 0.083600 ms MarkObjects: 1.549700 ms  DeleteObjects: 0.018000 ms)

AssetImportParameters requested are different than current active one (requested -> active):
  custom:video-decoder-ogg-theora: a1e56fd34408186e4bbccfd4996cb3dc -> 
  custom:container-muxer-webm: aa71ff27fc2769a1b78a27578f13a17b -> 
  custom:container-demuxer-webm: 4f35f7cbe854078d1ac9338744f61a02 -> 
  custom:video-encoder-webm-vp8: eb34c28f22e8b96e1ab97ce403110664 -> 
  custom:CustomObjectIndexerAttribute: bc11b3a6c3213fcdd17b65e7da85e133 -> 
  custom:audio-encoder-webm-vorbis: bf7c407c2cedff20999df2af8eb42d56 -> 
  custom:framework-win-MediaFoundation: 216162199b28c13a410421893ffa2e32 -> 
  custom:SearchIndexIgnoredProperties: e643bd26f0fe6173181afceb89e7c659 -> 
  custom:container-demuxer-ogg: 62fdf1f143b41e24485cea50d1cbac27 -> 
  custom:video-decoder-webm-vp8: 9c59270c3fd7afecdb556c50c9e8de78 -> 
  custom:audio-decoder-ogg-vorbis: bf7c407c2cedff20999df2af8eb42d56 -> 
========================================================================
Received Import Request.
  Time since last request: 133.971108 seconds.
  path: Assets/GameMain/DataTables/UIForm.bytes
  artifactKey: Guid(a33e23ae848110243820cda82120b105) Importer(815301076,1909f56bfc062723c751e8b465ee728b)
Number of updated assets reloaded before import = 0
Start importing Assets/GameMain/DataTables/UIForm.bytes using Guid(a33e23ae848110243820cda82120b105) Importer(815301076,1909f56bfc062723c751e8b465ee728b)  -> (artifact id: 'b925f00fafccd36c6267ae93672cd108') in 0.012416 seconds 
Number of asset objects unloaded after import = 1
========================================================================
Received Prepare
Registering precompiled user dll's ...
Registered in 0.007728 seconds.
Begin MonoManager ReloadAssembly
Native extension for WindowsStandalone target not found
Native extension for Android target not found
Native extension for WebGL target not found
Refreshing native plugins compatible for Editor in 0.37 ms, found 3 plugins.
Preloading 0 native plugins for Editor in 0.00 ms.
[Package Manager] Server::EnsureServerProcessIsRunning -- launch failed, reason: Unity was launched with the -noUpm command-line argument
[Package Manager] Cannot connect to Unity Package Manager local server
Mono: successfully reloaded assembly
- Completed reload, in  1.054 seconds
Domain Reload Profiling:
	ReloadAssembly (1054ms)
		BeginReloadAssembly (114ms)
			ExecutionOrderSort (0ms)
			DisableScriptedObjects (4ms)
			BackupInstance (0ms)
			ReleaseScriptingObjects (0ms)
			CreateAndSetChildDomain (20ms)
		EndReloadAssembly (866ms)
			LoadAssemblies (78ms)
			RebuildTransferFunctionScriptingTraits (0ms)
			SetupTypeCache (151ms)
			ReleaseScriptCaches (1ms)
			RebuildScriptCaches (32ms)
			SetupLoadedEditorAssemblies (582ms)
				LogAssemblyErrors (0ms)
				InitializePlatformSupportModulesInManaged (17ms)
				SetLoadedEditorAssemblies (0ms)
				RefreshPlugins (0ms)
				BeforeProcessingInitializeOnLoad (40ms)
				ProcessInitializeOnLoadAttributes (498ms)
				ProcessInitializeOnLoadMethodAttributes (15ms)
				AfterProcessingInitializeOnLoad (11ms)
				EditorAssembliesLoaded (0ms)
			ExecutionOrderSort2 (0ms)
			AwakeInstancesAfterBackupRestoration (6ms)
Platform modules already initialized, skipping
Refreshing native plugins compatible for Editor in 0.54 ms, found 3 plugins.
Preloading 0 native plugins for Editor in 0.00 ms.
Unloading 3364 Unused Serialized files (Serialized files now loaded: 0)
Unloading 22 unused Assets / (22.1 KB). Loaded Objects now: 3928.
Memory consumption went from 119.4 MB to 119.4 MB.
Total: 1.785200 ms (FindLiveObjects: 0.178700 ms CreateObjectMapping: 0.079600 ms MarkObjects: 1.509100 ms  DeleteObjects: 0.016900 ms)

AssetImportParameters requested are different than current active one (requested -> active):
  custom:video-decoder-ogg-theora: a1e56fd34408186e4bbccfd4996cb3dc -> 
  custom:container-muxer-webm: aa71ff27fc2769a1b78a27578f13a17b -> 
  custom:container-demuxer-webm: 4f35f7cbe854078d1ac9338744f61a02 -> 
  custom:video-encoder-webm-vp8: eb34c28f22e8b96e1ab97ce403110664 -> 
  custom:CustomObjectIndexerAttribute: bc11b3a6c3213fcdd17b65e7da85e133 -> 
  custom:audio-encoder-webm-vorbis: bf7c407c2cedff20999df2af8eb42d56 -> 
  custom:framework-win-MediaFoundation: 216162199b28c13a410421893ffa2e32 -> 
  custom:SearchIndexIgnoredProperties: e643bd26f0fe6173181afceb89e7c659 -> 
  custom:container-demuxer-ogg: 62fdf1f143b41e24485cea50d1cbac27 -> 
  custom:video-decoder-webm-vp8: 9c59270c3fd7afecdb556c50c9e8de78 -> 
  custom:audio-decoder-ogg-vorbis: bf7c407c2cedff20999df2af8eb42d56 -> 
========================================================================
Received Import Request.
  Time since last request: 77.003962 seconds.
  path: Assets/GameMain/DataTables/UIForm.txt
  artifactKey: Guid(352da872791696c48af3b21132e3e3c3) Importer(815301076,1909f56bfc062723c751e8b465ee728b)
Number of updated assets reloaded before import = 0
Start importing Assets/GameMain/DataTables/UIForm.txt using Guid(352da872791696c48af3b21132e3e3c3) Importer(815301076,1909f56bfc062723c751e8b465ee728b)  -> (artifact id: '00ead72b3bb3a6eab66a5ad1cc1d4637') in 0.012880 seconds 
Number of asset objects unloaded after import = 1
========================================================================
Received Prepare
Registering precompiled user dll's ...
Registered in 0.008670 seconds.
Begin MonoManager ReloadAssembly
Native extension for WindowsStandalone target not found
Native extension for Android target not found
Native extension for WebGL target not found
Refreshing native plugins compatible for Editor in 0.38 ms, found 3 plugins.
Preloading 0 native plugins for Editor in 0.00 ms.
[Package Manager] Server::EnsureServerProcessIsRunning -- launch failed, reason: Unity was launched with the -noUpm command-line argument
[Package Manager] Cannot connect to Unity Package Manager local server
Mono: successfully reloaded assembly
- Completed reload, in  1.063 seconds
Domain Reload Profiling:
	ReloadAssembly (1064ms)
		BeginReloadAssembly (111ms)
			ExecutionOrderSort (0ms)
			DisableScriptedObjects (4ms)
			BackupInstance (0ms)
			ReleaseScriptingObjects (0ms)
			CreateAndSetChildDomain (20ms)
		EndReloadAssembly (872ms)
			LoadAssemblies (74ms)
			RebuildTransferFunctionScriptingTraits (0ms)
			SetupTypeCache (153ms)
			ReleaseScriptCaches (1ms)
			RebuildScriptCaches (33ms)
			SetupLoadedEditorAssemblies (593ms)
				LogAssemblyErrors (0ms)
				InitializePlatformSupportModulesInManaged (19ms)
				SetLoadedEditorAssemblies (0ms)
				RefreshPlugins (0ms)
				BeforeProcessingInitializeOnLoad (40ms)
				ProcessInitializeOnLoadAttributes (505ms)
				ProcessInitializeOnLoadMethodAttributes (17ms)
				AfterProcessingInitializeOnLoad (11ms)
				EditorAssembliesLoaded (0ms)
			ExecutionOrderSort2 (0ms)
			AwakeInstancesAfterBackupRestoration (5ms)
Platform modules already initialized, skipping
Refreshing native plugins compatible for Editor in 0.38 ms, found 3 plugins.
Preloading 0 native plugins for Editor in 0.00 ms.
Unloading 3364 Unused Serialized files (Serialized files now loaded: 0)
Unloading 22 unused Assets / (22.0 KB). Loaded Objects now: 3931.
Memory consumption went from 119.4 MB to 119.4 MB.
Total: 1.880600 ms (FindLiveObjects: 0.167700 ms CreateObjectMapping: 0.069800 ms MarkObjects: 1.616700 ms  DeleteObjects: 0.025200 ms)

AssetImportParameters requested are different than current active one (requested -> active):
  custom:video-decoder-ogg-theora: a1e56fd34408186e4bbccfd4996cb3dc -> 
  custom:container-muxer-webm: aa71ff27fc2769a1b78a27578f13a17b -> 
  custom:container-demuxer-webm: 4f35f7cbe854078d1ac9338744f61a02 -> 
  custom:video-encoder-webm-vp8: eb34c28f22e8b96e1ab97ce403110664 -> 
  custom:CustomObjectIndexerAttribute: bc11b3a6c3213fcdd17b65e7da85e133 -> 
  custom:audio-encoder-webm-vorbis: bf7c407c2cedff20999df2af8eb42d56 -> 
  custom:framework-win-MediaFoundation: 216162199b28c13a410421893ffa2e32 -> 
  custom:SearchIndexIgnoredProperties: e643bd26f0fe6173181afceb89e7c659 -> 
  custom:container-demuxer-ogg: 62fdf1f143b41e24485cea50d1cbac27 -> 
  custom:video-decoder-webm-vp8: 9c59270c3fd7afecdb556c50c9e8de78 -> 
  custom:audio-decoder-ogg-vorbis: bf7c407c2cedff20999df2af8eb42d56 -> 
========================================================================
Received Import Request.
  Time since last request: 4.035494 seconds.
  path: Assets/GameMain/DataTables/UIForm.txt
  artifactKey: Guid(352da872791696c48af3b21132e3e3c3) Importer(815301076,1909f56bfc062723c751e8b465ee728b)
Number of updated assets reloaded before import = 0
Start importing Assets/GameMain/DataTables/UIForm.txt using Guid(352da872791696c48af3b21132e3e3c3) Importer(815301076,1909f56bfc062723c751e8b465ee728b)  -> (artifact id: 'b0d16c2615eb69b29122395e7dd5748e') in 0.010921 seconds 
Number of asset objects unloaded after import = 1
========================================================================
Received Prepare
Registering precompiled user dll's ...
Registered in 0.008747 seconds.
Begin MonoManager ReloadAssembly
Native extension for WindowsStandalone target not found
Native extension for Android target not found
Native extension for WebGL target not found
Refreshing native plugins compatible for Editor in 0.54 ms, found 3 plugins.
Preloading 0 native plugins for Editor in 0.00 ms.
[Package Manager] Server::EnsureServerProcessIsRunning -- launch failed, reason: Unity was launched with the -noUpm command-line argument
[Package Manager] Cannot connect to Unity Package Manager local server
Mono: successfully reloaded assembly
- Completed reload, in  1.045 seconds
Domain Reload Profiling:
	ReloadAssembly (1046ms)
		BeginReloadAssembly (107ms)
			ExecutionOrderSort (0ms)
			DisableScriptedObjects (4ms)
			BackupInstance (0ms)
			ReleaseScriptingObjects (0ms)
			CreateAndSetChildDomain (20ms)
		EndReloadAssembly (866ms)
			LoadAssemblies (73ms)
			RebuildTransferFunctionScriptingTraits (0ms)
			SetupTypeCache (156ms)
			ReleaseScriptCaches (1ms)
			RebuildScriptCaches (26ms)
			SetupLoadedEditorAssemblies (595ms)
				LogAssemblyErrors (0ms)
				InitializePlatformSupportModulesInManaged (18ms)
				SetLoadedEditorAssemblies (0ms)
				RefreshPlugins (1ms)
				BeforeProcessingInitializeOnLoad (45ms)
				ProcessInitializeOnLoadAttributes (505ms)
				ProcessInitializeOnLoadMethodAttributes (16ms)
				AfterProcessingInitializeOnLoad (9ms)
				EditorAssembliesLoaded (0ms)
			ExecutionOrderSort2 (0ms)
			AwakeInstancesAfterBackupRestoration (5ms)
Platform modules already initialized, skipping
Refreshing native plugins compatible for Editor in 0.41 ms, found 3 plugins.
Preloading 0 native plugins for Editor in 0.00 ms.
Unloading 3364 Unused Serialized files (Serialized files now loaded: 0)
Unloading 22 unused Assets / (21.9 KB). Loaded Objects now: 3934.
Memory consumption went from 119.5 MB to 119.4 MB.
Total: 1.875100 ms (FindLiveObjects: 0.193900 ms CreateObjectMapping: 0.135700 ms MarkObjects: 1.527800 ms  DeleteObjects: 0.016700 ms)

AssetImportParameters requested are different than current active one (requested -> active):
  custom:video-decoder-ogg-theora: a1e56fd34408186e4bbccfd4996cb3dc -> 
  custom:container-muxer-webm: aa71ff27fc2769a1b78a27578f13a17b -> 
  custom:container-demuxer-webm: 4f35f7cbe854078d1ac9338744f61a02 -> 
  custom:video-encoder-webm-vp8: eb34c28f22e8b96e1ab97ce403110664 -> 
  custom:CustomObjectIndexerAttribute: bc11b3a6c3213fcdd17b65e7da85e133 -> 
  custom:audio-encoder-webm-vorbis: bf7c407c2cedff20999df2af8eb42d56 -> 
  custom:framework-win-MediaFoundation: 216162199b28c13a410421893ffa2e32 -> 
  custom:SearchIndexIgnoredProperties: e643bd26f0fe6173181afceb89e7c659 -> 
  custom:container-demuxer-ogg: 62fdf1f143b41e24485cea50d1cbac27 -> 
  custom:video-decoder-webm-vp8: 9c59270c3fd7afecdb556c50c9e8de78 -> 
  custom:audio-decoder-ogg-vorbis: bf7c407c2cedff20999df2af8eb42d56 -> 
========================================================================
Received Prepare
Registering precompiled user dll's ...
Registered in 0.008015 seconds.
Begin MonoManager ReloadAssembly
Native extension for WindowsStandalone target not found
Native extension for Android target not found
Native extension for WebGL target not found
Refreshing native plugins compatible for Editor in 0.38 ms, found 3 plugins.
Preloading 0 native plugins for Editor in 0.00 ms.
[Package Manager] Server::EnsureServerProcessIsRunning -- launch failed, reason: Unity was launched with the -noUpm command-line argument
[Package Manager] Cannot connect to Unity Package Manager local server
Mono: successfully reloaded assembly
- Completed reload, in  1.044 seconds
Domain Reload Profiling:
	ReloadAssembly (1044ms)
		BeginReloadAssembly (111ms)
			ExecutionOrderSort (0ms)
			DisableScriptedObjects (4ms)
			BackupInstance (0ms)
			ReleaseScriptingObjects (0ms)
			CreateAndSetChildDomain (21ms)
		EndReloadAssembly (859ms)
			LoadAssemblies (76ms)
			RebuildTransferFunctionScriptingTraits (0ms)
			SetupTypeCache (164ms)
			ReleaseScriptCaches (1ms)
			RebuildScriptCaches (28ms)
			SetupLoadedEditorAssemblies (579ms)
				LogAssemblyErrors (0ms)
				InitializePlatformSupportModulesInManaged (17ms)
				SetLoadedEditorAssemblies (0ms)
				RefreshPlugins (0ms)
				BeforeProcessingInitializeOnLoad (47ms)
				ProcessInitializeOnLoadAttributes (489ms)
				ProcessInitializeOnLoadMethodAttributes (15ms)
				AfterProcessingInitializeOnLoad (10ms)
				EditorAssembliesLoaded (0ms)
			ExecutionOrderSort2 (0ms)
			AwakeInstancesAfterBackupRestoration (7ms)
Platform modules already initialized, skipping
Refreshing native plugins compatible for Editor in 0.34 ms, found 3 plugins.
Preloading 0 native plugins for Editor in 0.00 ms.
Unloading 3364 Unused Serialized files (Serialized files now loaded: 0)
Unloading 22 unused Assets / (21.9 KB). Loaded Objects now: 3937.
Memory consumption went from 119.5 MB to 119.4 MB.
Total: 2.719500 ms (FindLiveObjects: 0.217200 ms CreateObjectMapping: 0.147000 ms MarkObjects: 2.324500 ms  DeleteObjects: 0.028900 ms)

AssetImportParameters requested are different than current active one (requested -> active):
  custom:video-decoder-ogg-theora: a1e56fd34408186e4bbccfd4996cb3dc -> 
  custom:container-muxer-webm: aa71ff27fc2769a1b78a27578f13a17b -> 
  custom:container-demuxer-webm: 4f35f7cbe854078d1ac9338744f61a02 -> 
  custom:video-encoder-webm-vp8: eb34c28f22e8b96e1ab97ce403110664 -> 
  custom:CustomObjectIndexerAttribute: bc11b3a6c3213fcdd17b65e7da85e133 -> 
  custom:audio-encoder-webm-vorbis: bf7c407c2cedff20999df2af8eb42d56 -> 
  custom:framework-win-MediaFoundation: 216162199b28c13a410421893ffa2e32 -> 
  custom:SearchIndexIgnoredProperties: e643bd26f0fe6173181afceb89e7c659 -> 
  custom:container-demuxer-ogg: 62fdf1f143b41e24485cea50d1cbac27 -> 
  custom:video-decoder-webm-vp8: 9c59270c3fd7afecdb556c50c9e8de78 -> 
  custom:audio-decoder-ogg-vorbis: bf7c407c2cedff20999df2af8eb42d56 -> 
========================================================================
Received Prepare
Registering precompiled user dll's ...
Registered in 0.008752 seconds.
Begin MonoManager ReloadAssembly
Native extension for WindowsStandalone target not found
Native extension for Android target not found
Native extension for WebGL target not found
Refreshing native plugins compatible for Editor in 0.38 ms, found 3 plugins.
Preloading 0 native plugins for Editor in 0.00 ms.
[Package Manager] Server::EnsureServerProcessIsRunning -- launch failed, reason: Unity was launched with the -noUpm command-line argument
[Package Manager] Cannot connect to Unity Package Manager local server
Mono: successfully reloaded assembly
- Completed reload, in  1.020 seconds
Domain Reload Profiling:
	ReloadAssembly (1021ms)
		BeginReloadAssembly (115ms)
			ExecutionOrderSort (0ms)
			DisableScriptedObjects (4ms)
			BackupInstance (0ms)
			ReleaseScriptingObjects (0ms)
			CreateAndSetChildDomain (22ms)
		EndReloadAssembly (829ms)
			LoadAssemblies (81ms)
			RebuildTransferFunctionScriptingTraits (0ms)
			SetupTypeCache (149ms)
			ReleaseScriptCaches (1ms)
			RebuildScriptCaches (25ms)
			SetupLoadedEditorAssemblies (566ms)
				LogAssemblyErrors (0ms)
				InitializePlatformSupportModulesInManaged (17ms)
				SetLoadedEditorAssemblies (0ms)
				RefreshPlugins (0ms)
				BeforeProcessingInitializeOnLoad (40ms)
				ProcessInitializeOnLoadAttributes (486ms)
				ProcessInitializeOnLoadMethodAttributes (14ms)
				AfterProcessingInitializeOnLoad (9ms)
				EditorAssembliesLoaded (0ms)
			ExecutionOrderSort2 (0ms)
			AwakeInstancesAfterBackupRestoration (6ms)
Platform modules already initialized, skipping
Refreshing native plugins compatible for Editor in 0.50 ms, found 3 plugins.
Preloading 0 native plugins for Editor in 0.00 ms.
Unloading 3364 Unused Serialized files (Serialized files now loaded: 0)
Unloading 22 unused Assets / (22.0 KB). Loaded Objects now: 3940.
Memory consumption went from 119.5 MB to 119.5 MB.
Total: 1.831200 ms (FindLiveObjects: 0.165300 ms CreateObjectMapping: 0.071900 ms MarkObjects: 1.577700 ms  DeleteObjects: 0.015100 ms)

AssetImportParameters requested are different than current active one (requested -> active):
  custom:video-decoder-ogg-theora: a1e56fd34408186e4bbccfd4996cb3dc -> 
  custom:container-muxer-webm: aa71ff27fc2769a1b78a27578f13a17b -> 
  custom:container-demuxer-webm: 4f35f7cbe854078d1ac9338744f61a02 -> 
  custom:video-encoder-webm-vp8: eb34c28f22e8b96e1ab97ce403110664 -> 
  custom:CustomObjectIndexerAttribute: bc11b3a6c3213fcdd17b65e7da85e133 -> 
  custom:audio-encoder-webm-vorbis: bf7c407c2cedff20999df2af8eb42d56 -> 
  custom:framework-win-MediaFoundation: 216162199b28c13a410421893ffa2e32 -> 
  custom:SearchIndexIgnoredProperties: e643bd26f0fe6173181afceb89e7c659 -> 
  custom:container-demuxer-ogg: 62fdf1f143b41e24485cea50d1cbac27 -> 
  custom:video-decoder-webm-vp8: 9c59270c3fd7afecdb556c50c9e8de78 -> 
  custom:audio-decoder-ogg-vorbis: bf7c407c2cedff20999df2af8eb42d56 -> 
========================================================================
Received Import Request.
  Time since last request: 720.635432 seconds.
  path: Assets/GameMain/Localization/ChineseTraditional/Dictionaries/Default.xml
  artifactKey: Guid(1053b0070685be347ab58587156842dc) Importer(815301076,1909f56bfc062723c751e8b465ee728b)
Number of updated assets reloaded before import = 0
Start importing Assets/GameMain/Localization/ChineseTraditional/Dictionaries/Default.xml using Guid(1053b0070685be347ab58587156842dc) Importer(815301076,1909f56bfc062723c751e8b465ee728b)  -> (artifact id: 'a696500b2ae90dece3283d598249b525') in 0.012691 seconds 
Number of asset objects unloaded after import = 1
========================================================================
Received Prepare
Registering precompiled user dll's ...
Registered in 0.006936 seconds.
Begin MonoManager ReloadAssembly
Native extension for WindowsStandalone target not found
Native extension for Android target not found
Native extension for WebGL target not found
Refreshing native plugins compatible for Editor in 0.38 ms, found 3 plugins.
Preloading 0 native plugins for Editor in 0.00 ms.
[Package Manager] Server::EnsureServerProcessIsRunning -- launch failed, reason: Unity was launched with the -noUpm command-line argument
[Package Manager] Cannot connect to Unity Package Manager local server
Mono: successfully reloaded assembly
- Completed reload, in  1.056 seconds
Domain Reload Profiling:
	ReloadAssembly (1056ms)
		BeginReloadAssembly (109ms)
			ExecutionOrderSort (0ms)
			DisableScriptedObjects (4ms)
			BackupInstance (0ms)
			ReleaseScriptingObjects (0ms)
			CreateAndSetChildDomain (21ms)
		EndReloadAssembly (869ms)
			LoadAssemblies (73ms)
			RebuildTransferFunctionScriptingTraits (0ms)
			SetupTypeCache (158ms)
			ReleaseScriptCaches (1ms)
			RebuildScriptCaches (29ms)
			SetupLoadedEditorAssemblies (589ms)
				LogAssemblyErrors (0ms)
				InitializePlatformSupportModulesInManaged (22ms)
				SetLoadedEditorAssemblies (0ms)
				RefreshPlugins (0ms)
				BeforeProcessingInitializeOnLoad (45ms)
				ProcessInitializeOnLoadAttributes (494ms)
				ProcessInitializeOnLoadMethodAttributes (18ms)
				AfterProcessingInitializeOnLoad (10ms)
				EditorAssembliesLoaded (0ms)
			ExecutionOrderSort2 (0ms)
			AwakeInstancesAfterBackupRestoration (5ms)
Platform modules already initialized, skipping
Refreshing native plugins compatible for Editor in 0.35 ms, found 3 plugins.
Preloading 0 native plugins for Editor in 0.00 ms.
Unloading 3364 Unused Serialized files (Serialized files now loaded: 0)
Unloading 22 unused Assets / (22.0 KB). Loaded Objects now: 3943.
Memory consumption went from 119.5 MB to 119.5 MB.
Total: 2.007200 ms (FindLiveObjects: 0.181400 ms CreateObjectMapping: 0.096600 ms MarkObjects: 1.711400 ms  DeleteObjects: 0.017100 ms)

AssetImportParameters requested are different than current active one (requested -> active):
  custom:video-decoder-ogg-theora: a1e56fd34408186e4bbccfd4996cb3dc -> 
  custom:container-muxer-webm: aa71ff27fc2769a1b78a27578f13a17b -> 
  custom:container-demuxer-webm: 4f35f7cbe854078d1ac9338744f61a02 -> 
  custom:video-encoder-webm-vp8: eb34c28f22e8b96e1ab97ce403110664 -> 
  custom:CustomObjectIndexerAttribute: bc11b3a6c3213fcdd17b65e7da85e133 -> 
  custom:audio-encoder-webm-vorbis: bf7c407c2cedff20999df2af8eb42d56 -> 
  custom:framework-win-MediaFoundation: 216162199b28c13a410421893ffa2e32 -> 
  custom:SearchIndexIgnoredProperties: e643bd26f0fe6173181afceb89e7c659 -> 
  custom:container-demuxer-ogg: 62fdf1f143b41e24485cea50d1cbac27 -> 
  custom:video-decoder-webm-vp8: 9c59270c3fd7afecdb556c50c9e8de78 -> 
  custom:audio-decoder-ogg-vorbis: bf7c407c2cedff20999df2af8eb42d56 -> 
========================================================================
Received Import Request.
  Time since last request: 363.990081 seconds.
  path: Assets/GameFramework/Scripts/Runtime/Localization/DefaultLocalizationHelper.cs
  artifactKey: Guid(57465d541030d834b9d764c79af94e2e) Importer(815301076,1909f56bfc062723c751e8b465ee728b)
Number of updated assets reloaded before import = 0
Start importing Assets/GameFramework/Scripts/Runtime/Localization/DefaultLocalizationHelper.cs using Guid(57465d541030d834b9d764c79af94e2e) Importer(815301076,1909f56bfc062723c751e8b465ee728b)  -> (artifact id: '57f3cd2fc6478a3d41586e7d18215ddf') in 0.008046 seconds 
Number of asset objects unloaded after import = 0
========================================================================
Received Import Request.
  Time since last request: 16.410592 seconds.
  path: Assets/GameFramework/Scripts/Runtime/Localization/LocalizationHelperBase.cs
  artifactKey: Guid(91f20cfd35b8d804ab29f8c3bc25fed8) Importer(815301076,1909f56bfc062723c751e8b465ee728b)
Number of updated assets reloaded before import = 0
Start importing Assets/GameFramework/Scripts/Runtime/Localization/LocalizationHelperBase.cs using Guid(91f20cfd35b8d804ab29f8c3bc25fed8) Importer(815301076,1909f56bfc062723c751e8b465ee728b)  -> (artifact id: '513a0e4abb56ef537eee1163f88a1b42') in 0.001500 seconds 
Number of asset objects unloaded after import = 0
========================================================================
Received Import Request.
  Time since last request: 461.077988 seconds.
  path: Assets/GameMain/Scripts/UI/DialogParams.cs
  artifactKey: Guid(ad9ca3c36c52b0a4e8b25c8b451966da) Importer(815301076,1909f56bfc062723c751e8b465ee728b)
Number of updated assets reloaded before import = 0
Start importing Assets/GameMain/Scripts/UI/DialogParams.cs using Guid(ad9ca3c36c52b0a4e8b25c8b451966da) Importer(815301076,1909f56bfc062723c751e8b465ee728b)  -> (artifact id: 'f0c36bd9216d433dbc70b25c3b404efe') in 0.001374 seconds 
Number of asset objects unloaded after import = 0
========================================================================
Received Import Request.
  Time since last request: 11.903480 seconds.
  path: Assets/GameMain/Scripts/UI/CommonButton.cs
  artifactKey: Guid(a5079836f95c2a44b96fa331487ebb70) Importer(815301076,1909f56bfc062723c751e8b465ee728b)
Number of updated assets reloaded before import = 0
Start importing Assets/GameMain/Scripts/UI/CommonButton.cs using Guid(a5079836f95c2a44b96fa331487ebb70) Importer(815301076,1909f56bfc062723c751e8b465ee728b)  -> (artifact id: '7865ba86e820235262772acad473f972') in 0.001781 seconds 
Number of asset objects unloaded after import = 0
========================================================================
Received Import Request.
  Time since last request: 0.594078 seconds.
  path: Assets/GameMain/Scripts/UI/AboutForm.cs
  artifactKey: Guid(3d18eec7c2f2d3d4ca59e310ef625db1) Importer(815301076,1909f56bfc062723c751e8b465ee728b)
Number of updated assets reloaded before import = 0
Start importing Assets/GameMain/Scripts/UI/AboutForm.cs using Guid(3d18eec7c2f2d3d4ca59e310ef625db1) Importer(815301076,1909f56bfc062723c751e8b465ee728b)  -> (artifact id: '66b34f8d98febcbd2778049388aceaae') in 0.001021 seconds 
Number of asset objects unloaded after import = 0
========================================================================
Received Import Request.
  Time since last request: 4.029380 seconds.
  path: Assets/GameMain/Scripts/UI/DialogForm.cs
  artifactKey: Guid(c04f3be6bab0c7748bc236f9023e47f9) Importer(815301076,1909f56bfc062723c751e8b465ee728b)
Number of updated assets reloaded before import = 0
Start importing Assets/GameMain/Scripts/UI/DialogForm.cs using Guid(c04f3be6bab0c7748bc236f9023e47f9) Importer(815301076,1909f56bfc062723c751e8b465ee728b)  -> (artifact id: '89c829e8d0d82c149ee3206cf3f9257d') in 0.001592 seconds 
Number of asset objects unloaded after import = 0
========================================================================
Received Import Request.
  Time since last request: 51.992932 seconds.
  path: Assets/GameMain/Scripts/UI/UIFormId.cs
  artifactKey: Guid(75fd10c7585513846ab25372be0590b7) Importer(815301076,1909f56bfc062723c751e8b465ee728b)
Number of updated assets reloaded before import = 0
Start importing Assets/GameMain/Scripts/UI/UIFormId.cs using Guid(75fd10c7585513846ab25372be0590b7) Importer(815301076,1909f56bfc062723c751e8b465ee728b)  -> (artifact id: 'd7bbb3113de14f49ee5946a10a93c960') in 0.001333 seconds 
Number of asset objects unloaded after import = 0
========================================================================
Received Import Request.
  Time since last request: 4.412327 seconds.
  path: Assets/GameMain/Scripts/UI/UIExtension.cs
  artifactKey: Guid(9cfc2c881ce240349901812c61f4476b) Importer(815301076,1909f56bfc062723c751e8b465ee728b)
Number of updated assets reloaded before import = 0
Start importing Assets/GameMain/Scripts/UI/UIExtension.cs using Guid(9cfc2c881ce240349901812c61f4476b) Importer(815301076,1909f56bfc062723c751e8b465ee728b)  -> (artifact id: 'eb32acd3f1ecb929d28eb6e649775825') in 0.001739 seconds 
Number of asset objects unloaded after import = 0
========================================================================
Received Import Request.
  Time since last request: 3.966566 seconds.
  path: Assets/GameMain/Scripts/UI/UGuiGroupHelper.cs
  artifactKey: Guid(05a35a4a1f7dd5646a70cb1a73348780) Importer(815301076,1909f56bfc062723c751e8b465ee728b)
Number of updated assets reloaded before import = 0
Start importing Assets/GameMain/Scripts/UI/UGuiGroupHelper.cs using Guid(05a35a4a1f7dd5646a70cb1a73348780) Importer(815301076,1909f56bfc062723c751e8b465ee728b)  -> (artifact id: '32533695d2b1d3f295bd7b67be9079f5') in 0.001705 seconds 
Number of asset objects unloaded after import = 0
========================================================================
Received Import Request.
  Time since last request: 11.155950 seconds.
  path: Assets/GameMain/Scripts/UI/MenuTestForm.cs
  artifactKey: Guid(4c7c914c3b8dd514b9354071b876c400) Importer(815301076,1909f56bfc062723c751e8b465ee728b)
Number of updated assets reloaded before import = 0
Start importing Assets/GameMain/Scripts/UI/MenuTestForm.cs using Guid(4c7c914c3b8dd514b9354071b876c400) Importer(815301076,1909f56bfc062723c751e8b465ee728b)  -> (artifact id: '49ab0be127d6eaa85d6f46027b2e0bb7') in 0.001498 seconds 
Number of asset objects unloaded after import = 0
========================================================================
Received Prepare
Registering precompiled user dll's ...
Registered in 0.007852 seconds.
Begin MonoManager ReloadAssembly
Native extension for WindowsStandalone target not found
Native extension for Android target not found
Native extension for WebGL target not found
Refreshing native plugins compatible for Editor in 0.35 ms, found 3 plugins.
Preloading 0 native plugins for Editor in 0.00 ms.
[Package Manager] Server::EnsureServerProcessIsRunning -- launch failed, reason: Unity was launched with the -noUpm command-line argument
[Package Manager] Cannot connect to Unity Package Manager local server
Mono: successfully reloaded assembly
- Completed reload, in  1.072 seconds
Domain Reload Profiling:
	ReloadAssembly (1073ms)
		BeginReloadAssembly (120ms)
			ExecutionOrderSort (0ms)
			DisableScriptedObjects (4ms)
			BackupInstance (0ms)
			ReleaseScriptingObjects (0ms)
			CreateAndSetChildDomain (22ms)
		EndReloadAssembly (880ms)
			LoadAssemblies (80ms)
			RebuildTransferFunctionScriptingTraits (0ms)
			SetupTypeCache (166ms)
			ReleaseScriptCaches (1ms)
			RebuildScriptCaches (26ms)
			SetupLoadedEditorAssemblies (599ms)
				LogAssemblyErrors (0ms)
				InitializePlatformSupportModulesInManaged (18ms)
				SetLoadedEditorAssemblies (0ms)
				RefreshPlugins (0ms)
				BeforeProcessingInitializeOnLoad (44ms)
				ProcessInitializeOnLoadAttributes (510ms)
				ProcessInitializeOnLoadMethodAttributes (16ms)
				AfterProcessingInitializeOnLoad (11ms)
				EditorAssembliesLoaded (0ms)
			ExecutionOrderSort2 (0ms)
			AwakeInstancesAfterBackupRestoration (5ms)
Platform modules already initialized, skipping
Refreshing native plugins compatible for Editor in 0.52 ms, found 3 plugins.
Preloading 0 native plugins for Editor in 0.00 ms.
Unloading 3364 Unused Serialized files (Serialized files now loaded: 0)
Unloading 22 unused Assets / (22.0 KB). Loaded Objects now: 3946.
Memory consumption went from 119.5 MB to 119.5 MB.
Total: 1.876300 ms (FindLiveObjects: 0.157500 ms CreateObjectMapping: 0.073600 ms MarkObjects: 1.627100 ms  DeleteObjects: 0.017500 ms)

AssetImportParameters requested are different than current active one (requested -> active):
  custom:video-decoder-ogg-theora: a1e56fd34408186e4bbccfd4996cb3dc -> 
  custom:container-muxer-webm: aa71ff27fc2769a1b78a27578f13a17b -> 
  custom:container-demuxer-webm: 4f35f7cbe854078d1ac9338744f61a02 -> 
  custom:video-encoder-webm-vp8: eb34c28f22e8b96e1ab97ce403110664 -> 
  custom:CustomObjectIndexerAttribute: bc11b3a6c3213fcdd17b65e7da85e133 -> 
  custom:audio-encoder-webm-vorbis: bf7c407c2cedff20999df2af8eb42d56 -> 
  custom:framework-win-MediaFoundation: 216162199b28c13a410421893ffa2e32 -> 
  custom:SearchIndexIgnoredProperties: e643bd26f0fe6173181afceb89e7c659 -> 
  custom:container-demuxer-ogg: 62fdf1f143b41e24485cea50d1cbac27 -> 
  custom:video-decoder-webm-vp8: 9c59270c3fd7afecdb556c50c9e8de78 -> 
  custom:audio-decoder-ogg-vorbis: bf7c407c2cedff20999df2af8eb42d56 -> 
========================================================================
Received Prepare
Registering precompiled user dll's ...
Registered in 0.009175 seconds.
Begin MonoManager ReloadAssembly
Native extension for WindowsStandalone target not found
Native extension for Android target not found
Native extension for WebGL target not found
Refreshing native plugins compatible for Editor in 0.35 ms, found 3 plugins.
Preloading 0 native plugins for Editor in 0.00 ms.
[Package Manager] Server::EnsureServerProcessIsRunning -- launch failed, reason: Unity was launched with the -noUpm command-line argument
[Package Manager] Cannot connect to Unity Package Manager local server
Mono: successfully reloaded assembly
- Completed reload, in  1.060 seconds
Domain Reload Profiling:
	ReloadAssembly (1060ms)
		BeginReloadAssembly (112ms)
			ExecutionOrderSort (0ms)
			DisableScriptedObjects (4ms)
			BackupInstance (0ms)
			ReleaseScriptingObjects (0ms)
			CreateAndSetChildDomain (21ms)
		EndReloadAssembly (873ms)
			LoadAssemblies (78ms)
			RebuildTransferFunctionScriptingTraits (0ms)
			SetupTypeCache (166ms)
			ReleaseScriptCaches (1ms)
			RebuildScriptCaches (28ms)
			SetupLoadedEditorAssemblies (584ms)
				LogAssemblyErrors (0ms)
				InitializePlatformSupportModulesInManaged (17ms)
				SetLoadedEditorAssemblies (0ms)
				RefreshPlugins (0ms)
				BeforeProcessingInitializeOnLoad (43ms)
				ProcessInitializeOnLoadAttributes (499ms)
				ProcessInitializeOnLoadMethodAttributes (14ms)
				AfterProcessingInitializeOnLoad (10ms)
				EditorAssembliesLoaded (0ms)
			ExecutionOrderSort2 (0ms)
			AwakeInstancesAfterBackupRestoration (5ms)
Platform modules already initialized, skipping
Refreshing native plugins compatible for Editor in 0.36 ms, found 3 plugins.
Preloading 0 native plugins for Editor in 0.00 ms.
Unloading 3364 Unused Serialized files (Serialized files now loaded: 0)
Unloading 22 unused Assets / (22.0 KB). Loaded Objects now: 3949.
Memory consumption went from 119.5 MB to 119.5 MB.
Total: 2.619200 ms (FindLiveObjects: 0.255000 ms CreateObjectMapping: 0.146900 ms MarkObjects: 2.195300 ms  DeleteObjects: 0.021200 ms)

AssetImportParameters requested are different than current active one (requested -> active):
  custom:video-decoder-ogg-theora: a1e56fd34408186e4bbccfd4996cb3dc -> 
  custom:container-muxer-webm: aa71ff27fc2769a1b78a27578f13a17b -> 
  custom:container-demuxer-webm: 4f35f7cbe854078d1ac9338744f61a02 -> 
  custom:video-encoder-webm-vp8: eb34c28f22e8b96e1ab97ce403110664 -> 
  custom:CustomObjectIndexerAttribute: bc11b3a6c3213fcdd17b65e7da85e133 -> 
  custom:audio-encoder-webm-vorbis: bf7c407c2cedff20999df2af8eb42d56 -> 
  custom:framework-win-MediaFoundation: 216162199b28c13a410421893ffa2e32 -> 
  custom:SearchIndexIgnoredProperties: e643bd26f0fe6173181afceb89e7c659 -> 
  custom:container-demuxer-ogg: 62fdf1f143b41e24485cea50d1cbac27 -> 
  custom:video-decoder-webm-vp8: 9c59270c3fd7afecdb556c50c9e8de78 -> 
  custom:audio-decoder-ogg-vorbis: bf7c407c2cedff20999df2af8eb42d56 -> 
========================================================================
Received Import Request.
  Time since last request: 124.336906 seconds.
  path: Assets/GameMain/UI/UIForms/MenuTestForm.prefab
  artifactKey: Guid(49df08c3bdc84e64db062fac0323df6b) Importer(815301076,1909f56bfc062723c751e8b465ee728b)
Number of updated assets reloaded before import = 0
Start importing Assets/GameMain/UI/UIForms/MenuTestForm.prefab using Guid(49df08c3bdc84e64db062fac0323df6b) Importer(815301076,1909f56bfc062723c751e8b465ee728b)  -> (artifact id: 'f0e6dbc9b7e30058eef4bb1c9f87f191') in 0.027357 seconds 
Number of asset objects unloaded after import = 25
========================================================================
Received Prepare
Registering precompiled user dll's ...
Registered in 0.007579 seconds.
Begin MonoManager ReloadAssembly
Native extension for WindowsStandalone target not found
Native extension for Android target not found
Native extension for WebGL target not found
Refreshing native plugins compatible for Editor in 0.38 ms, found 3 plugins.
Preloading 0 native plugins for Editor in 0.00 ms.
[Package Manager] Server::EnsureServerProcessIsRunning -- launch failed, reason: Unity was launched with the -noUpm command-line argument
[Package Manager] Cannot connect to Unity Package Manager local server
Mono: successfully reloaded assembly
- Completed reload, in  1.046 seconds
Domain Reload Profiling:
	ReloadAssembly (1046ms)
		BeginReloadAssembly (110ms)
			ExecutionOrderSort (0ms)
			DisableScriptedObjects (3ms)
			BackupInstance (0ms)
			ReleaseScriptingObjects (0ms)
			CreateAndSetChildDomain (21ms)
		EndReloadAssembly (862ms)
			LoadAssemblies (77ms)
			RebuildTransferFunctionScriptingTraits (0ms)
			SetupTypeCache (156ms)
			ReleaseScriptCaches (1ms)
			RebuildScriptCaches (26ms)
			SetupLoadedEditorAssemblies (592ms)
				LogAssemblyErrors (0ms)
				InitializePlatformSupportModulesInManaged (17ms)
				SetLoadedEditorAssemblies (0ms)
				RefreshPlugins (0ms)
				BeforeProcessingInitializeOnLoad (39ms)
				ProcessInitializeOnLoadAttributes (510ms)
				ProcessInitializeOnLoadMethodAttributes (15ms)
				AfterProcessingInitializeOnLoad (10ms)
				EditorAssembliesLoaded (0ms)
			ExecutionOrderSort2 (0ms)
			AwakeInstancesAfterBackupRestoration (5ms)
Platform modules already initialized, skipping
Refreshing native plugins compatible for Editor in 0.48 ms, found 3 plugins.
Preloading 0 native plugins for Editor in 0.00 ms.
Unloading 3364 Unused Serialized files (Serialized files now loaded: 0)
Unloading 24 unused Assets / (23.5 KB). Loaded Objects now: 3952.
Memory consumption went from 119.5 MB to 119.5 MB.
Total: 2.002200 ms (FindLiveObjects: 0.199600 ms CreateObjectMapping: 0.118000 ms MarkObjects: 1.659300 ms  DeleteObjects: 0.024400 ms)

AssetImportParameters requested are different than current active one (requested -> active):
  custom:video-decoder-ogg-theora: a1e56fd34408186e4bbccfd4996cb3dc -> 
  custom:container-muxer-webm: aa71ff27fc2769a1b78a27578f13a17b -> 
  custom:container-demuxer-webm: 4f35f7cbe854078d1ac9338744f61a02 -> 
  custom:video-encoder-webm-vp8: eb34c28f22e8b96e1ab97ce403110664 -> 
  custom:CustomObjectIndexerAttribute: bc11b3a6c3213fcdd17b65e7da85e133 -> 
  custom:audio-encoder-webm-vorbis: bf7c407c2cedff20999df2af8eb42d56 -> 
  custom:framework-win-MediaFoundation: 216162199b28c13a410421893ffa2e32 -> 
  custom:SearchIndexIgnoredProperties: e643bd26f0fe6173181afceb89e7c659 -> 
  custom:container-demuxer-ogg: 62fdf1f143b41e24485cea50d1cbac27 -> 
  custom:video-decoder-webm-vp8: 9c59270c3fd7afecdb556c50c9e8de78 -> 
  custom:audio-decoder-ogg-vorbis: bf7c407c2cedff20999df2af8eb42d56 -> 
========================================================================
Received Prepare
Registering precompiled user dll's ...
Registered in 0.007642 seconds.
Begin MonoManager ReloadAssembly
Native extension for WindowsStandalone target not found
Native extension for Android target not found
Native extension for WebGL target not found
Refreshing native plugins compatible for Editor in 0.37 ms, found 3 plugins.
Preloading 0 native plugins for Editor in 0.00 ms.
[Package Manager] Server::EnsureServerProcessIsRunning -- launch failed, reason: Unity was launched with the -noUpm command-line argument
[Package Manager] Cannot connect to Unity Package Manager local server
Mono: successfully reloaded assembly
- Completed reload, in  1.052 seconds
Domain Reload Profiling:
	ReloadAssembly (1053ms)
		BeginReloadAssembly (107ms)
			ExecutionOrderSort (0ms)
			DisableScriptedObjects (4ms)
			BackupInstance (0ms)
			ReleaseScriptingObjects (0ms)
			CreateAndSetChildDomain (20ms)
		EndReloadAssembly (855ms)
			LoadAssemblies (72ms)
			RebuildTransferFunctionScriptingTraits (0ms)
			SetupTypeCache (146ms)
			ReleaseScriptCaches (1ms)
			RebuildScriptCaches (26ms)
			SetupLoadedEditorAssemblies (597ms)
				LogAssemblyErrors (0ms)
				InitializePlatformSupportModulesInManaged (18ms)
				SetLoadedEditorAssemblies (0ms)
				RefreshPlugins (0ms)
				BeforeProcessingInitializeOnLoad (42ms)
				ProcessInitializeOnLoadAttributes (510ms)
				ProcessInitializeOnLoadMethodAttributes (15ms)
				AfterProcessingInitializeOnLoad (9ms)
				EditorAssembliesLoaded (0ms)
			ExecutionOrderSort2 (0ms)
			AwakeInstancesAfterBackupRestoration (5ms)
Platform modules already initialized, skipping
Refreshing native plugins compatible for Editor in 0.40 ms, found 3 plugins.
Preloading 0 native plugins for Editor in 0.00 ms.
Unloading 3364 Unused Serialized files (Serialized files now loaded: 0)
Unloading 22 unused Assets / (22.0 KB). Loaded Objects now: 3955.
Memory consumption went from 119.5 MB to 119.5 MB.
Total: 1.750100 ms (FindLiveObjects: 0.159600 ms CreateObjectMapping: 0.067700 ms MarkObjects: 1.504100 ms  DeleteObjects: 0.017800 ms)

AssetImportParameters requested are different than current active one (requested -> active):
  custom:video-decoder-ogg-theora: a1e56fd34408186e4bbccfd4996cb3dc -> 
  custom:container-muxer-webm: aa71ff27fc2769a1b78a27578f13a17b -> 
  custom:container-demuxer-webm: 4f35f7cbe854078d1ac9338744f61a02 -> 
  custom:video-encoder-webm-vp8: eb34c28f22e8b96e1ab97ce403110664 -> 
  custom:CustomObjectIndexerAttribute: bc11b3a6c3213fcdd17b65e7da85e133 -> 
  custom:audio-encoder-webm-vorbis: bf7c407c2cedff20999df2af8eb42d56 -> 
  custom:framework-win-MediaFoundation: 216162199b28c13a410421893ffa2e32 -> 
  custom:SearchIndexIgnoredProperties: e643bd26f0fe6173181afceb89e7c659 -> 
  custom:container-demuxer-ogg: 62fdf1f143b41e24485cea50d1cbac27 -> 
  custom:video-decoder-webm-vp8: 9c59270c3fd7afecdb556c50c9e8de78 -> 
  custom:audio-decoder-ogg-vorbis: bf7c407c2cedff20999df2af8eb42d56 -> 
========================================================================
Received Import Request.
  Time since last request: 61.466058 seconds.
  path: Assets/GameMain/UI/UIForms/MenuTestForm.prefab
  artifactKey: Guid(49df08c3bdc84e64db062fac0323df6b) Importer(815301076,1909f56bfc062723c751e8b465ee728b)
Number of updated assets reloaded before import = 0
Start importing Assets/GameMain/UI/UIForms/MenuTestForm.prefab using Guid(49df08c3bdc84e64db062fac0323df6b) Importer(815301076,1909f56bfc062723c751e8b465ee728b)  -> (artifact id: 'dfac244273d2b4cf13a71ac550921625') in 0.025983 seconds 
Number of asset objects unloaded after import = 25
========================================================================
Received Prepare
Registering precompiled user dll's ...
Registered in 0.007318 seconds.
Begin MonoManager ReloadAssembly
Native extension for WindowsStandalone target not found
Native extension for Android target not found
Native extension for WebGL target not found
Refreshing native plugins compatible for Editor in 0.39 ms, found 3 plugins.
Preloading 0 native plugins for Editor in 0.00 ms.
[Package Manager] Server::EnsureServerProcessIsRunning -- launch failed, reason: Unity was launched with the -noUpm command-line argument
[Package Manager] Cannot connect to Unity Package Manager local server
Mono: successfully reloaded assembly
- Completed reload, in  1.037 seconds
Domain Reload Profiling:
	ReloadAssembly (1038ms)
		BeginReloadAssembly (104ms)
			ExecutionOrderSort (0ms)
			DisableScriptedObjects (3ms)
			BackupInstance (0ms)
			ReleaseScriptingObjects (0ms)
			CreateAndSetChildDomain (20ms)
		EndReloadAssembly (860ms)
			LoadAssemblies (71ms)
			RebuildTransferFunctionScriptingTraits (0ms)
			SetupTypeCache (164ms)
			ReleaseScriptCaches (1ms)
			RebuildScriptCaches (27ms)
			SetupLoadedEditorAssemblies (580ms)
				LogAssemblyErrors (0ms)
				InitializePlatformSupportModulesInManaged (17ms)
				SetLoadedEditorAssemblies (0ms)
				RefreshPlugins (0ms)
				BeforeProcessingInitializeOnLoad (40ms)
				ProcessInitializeOnLoadAttributes (497ms)
				ProcessInitializeOnLoadMethodAttributes (15ms)
				AfterProcessingInitializeOnLoad (10ms)
				EditorAssembliesLoaded (0ms)
			ExecutionOrderSort2 (0ms)
			AwakeInstancesAfterBackupRestoration (6ms)
Platform modules already initialized, skipping
Refreshing native plugins compatible for Editor in 0.56 ms, found 3 plugins.
Preloading 0 native plugins for Editor in 0.00 ms.
Unloading 3364 Unused Serialized files (Serialized files now loaded: 0)
Unloading 24 unused Assets / (23.6 KB). Loaded Objects now: 3958.
Memory consumption went from 119.5 MB to 119.5 MB.
Total: 2.220400 ms (FindLiveObjects: 0.177200 ms CreateObjectMapping: 0.092600 ms MarkObjects: 1.921800 ms  DeleteObjects: 0.027600 ms)

AssetImportParameters requested are different than current active one (requested -> active):
  custom:video-decoder-ogg-theora: a1e56fd34408186e4bbccfd4996cb3dc -> 
  custom:container-muxer-webm: aa71ff27fc2769a1b78a27578f13a17b -> 
  custom:container-demuxer-webm: 4f35f7cbe854078d1ac9338744f61a02 -> 
  custom:video-encoder-webm-vp8: eb34c28f22e8b96e1ab97ce403110664 -> 
  custom:CustomObjectIndexerAttribute: bc11b3a6c3213fcdd17b65e7da85e133 -> 
  custom:audio-encoder-webm-vorbis: bf7c407c2cedff20999df2af8eb42d56 -> 
  custom:framework-win-MediaFoundation: 216162199b28c13a410421893ffa2e32 -> 
  custom:SearchIndexIgnoredProperties: e643bd26f0fe6173181afceb89e7c659 -> 
  custom:container-demuxer-ogg: 62fdf1f143b41e24485cea50d1cbac27 -> 
  custom:video-decoder-webm-vp8: 9c59270c3fd7afecdb556c50c9e8de78 -> 
  custom:audio-decoder-ogg-vorbis: bf7c407c2cedff20999df2af8eb42d56 -> 
========================================================================
Received Import Request.
  Time since last request: 22.156235 seconds.
  path: Assets/GameMain/UI/UIForms/MenuTestForm.prefab
  artifactKey: Guid(49df08c3bdc84e64db062fac0323df6b) Importer(815301076,1909f56bfc062723c751e8b465ee728b)
Number of updated assets reloaded before import = 0
Start importing Assets/GameMain/UI/UIForms/MenuTestForm.prefab using Guid(49df08c3bdc84e64db062fac0323df6b) Importer(815301076,1909f56bfc062723c751e8b465ee728b)  -> (artifact id: 'f0eff9705341a7b590777c9b8743330b') in 0.025033 seconds 
Number of asset objects unloaded after import = 25
========================================================================
Received Import Request.
  Time since last request: 19.301971 seconds.
  path: Assets/GameMain/UI/UIForms/MenuTestForm.prefab
  artifactKey: Guid(49df08c3bdc84e64db062fac0323df6b) Importer(815301076,1909f56bfc062723c751e8b465ee728b)
Number of updated assets reloaded before import = 0
Start importing Assets/GameMain/UI/UIForms/MenuTestForm.prefab using Guid(49df08c3bdc84e64db062fac0323df6b) Importer(815301076,1909f56bfc062723c751e8b465ee728b)  -> (artifact id: 'ebbb0e11142b82b61330dec6afdc4856') in 0.004176 seconds 
Number of asset objects unloaded after import = 25
========================================================================
Received Prepare
Registering precompiled user dll's ...
Registered in 0.007021 seconds.
Begin MonoManager ReloadAssembly
Native extension for WindowsStandalone target not found
Native extension for Android target not found
Native extension for WebGL target not found
Refreshing native plugins compatible for Editor in 0.41 ms, found 3 plugins.
Preloading 0 native plugins for Editor in 0.00 ms.
[Package Manager] Server::EnsureServerProcessIsRunning -- launch failed, reason: Unity was launched with the -noUpm command-line argument
[Package Manager] Cannot connect to Unity Package Manager local server
Mono: successfully reloaded assembly
- Completed reload, in  1.060 seconds
Domain Reload Profiling:
	ReloadAssembly (1061ms)
		BeginReloadAssembly (115ms)
			ExecutionOrderSort (0ms)
			DisableScriptedObjects (3ms)
			BackupInstance (0ms)
			ReleaseScriptingObjects (0ms)
			CreateAndSetChildDomain (24ms)
		EndReloadAssembly (868ms)
			LoadAssemblies (74ms)
			RebuildTransferFunctionScriptingTraits (0ms)
			SetupTypeCache (168ms)
			ReleaseScriptCaches (1ms)
			RebuildScriptCaches (26ms)
			SetupLoadedEditorAssemblies (584ms)
				LogAssemblyErrors (0ms)
				InitializePlatformSupportModulesInManaged (18ms)
				SetLoadedEditorAssemblies (0ms)
				RefreshPlugins (0ms)
				BeforeProcessingInitializeOnLoad (40ms)
				ProcessInitializeOnLoadAttributes (500ms)
				ProcessInitializeOnLoadMethodAttributes (15ms)
				AfterProcessingInitializeOnLoad (11ms)
				EditorAssembliesLoaded (0ms)
			ExecutionOrderSort2 (0ms)
			AwakeInstancesAfterBackupRestoration (5ms)
Platform modules already initialized, skipping
Refreshing native plugins compatible for Editor in 0.37 ms, found 3 plugins.
Preloading 0 native plugins for Editor in 0.00 ms.
Unloading 3364 Unused Serialized files (Serialized files now loaded: 0)
Unloading 24 unused Assets / (23.5 KB). Loaded Objects now: 3961.
Memory consumption went from 119.5 MB to 119.5 MB.
Total: 2.312700 ms (FindLiveObjects: 0.210000 ms CreateObjectMapping: 0.135700 ms MarkObjects: 1.939600 ms  DeleteObjects: 0.026400 ms)

AssetImportParameters requested are different than current active one (requested -> active):
  custom:video-decoder-ogg-theora: a1e56fd34408186e4bbccfd4996cb3dc -> 
  custom:container-muxer-webm: aa71ff27fc2769a1b78a27578f13a17b -> 
  custom:container-demuxer-webm: 4f35f7cbe854078d1ac9338744f61a02 -> 
  custom:video-encoder-webm-vp8: eb34c28f22e8b96e1ab97ce403110664 -> 
  custom:CustomObjectIndexerAttribute: bc11b3a6c3213fcdd17b65e7da85e133 -> 
  custom:audio-encoder-webm-vorbis: bf7c407c2cedff20999df2af8eb42d56 -> 
  custom:framework-win-MediaFoundation: 216162199b28c13a410421893ffa2e32 -> 
  custom:SearchIndexIgnoredProperties: e643bd26f0fe6173181afceb89e7c659 -> 
  custom:container-demuxer-ogg: 62fdf1f143b41e24485cea50d1cbac27 -> 
  custom:video-decoder-webm-vp8: 9c59270c3fd7afecdb556c50c9e8de78 -> 
  custom:audio-decoder-ogg-vorbis: bf7c407c2cedff20999df2af8eb42d56 -> 
========================================================================
Received Import Request.
  Time since last request: 53.698085 seconds.
  path: Assets/GameMain/Fonts/MainFont.ttf
  artifactKey: Guid(77cbb7c5404c10242ab59953e0746314) Importer(815301076,1909f56bfc062723c751e8b465ee728b)
Number of updated assets reloaded before import = 0
Start importing Assets/GameMain/Fonts/MainFont.ttf using Guid(77cbb7c5404c10242ab59953e0746314) Importer(815301076,1909f56bfc062723c751e8b465ee728b)  -> (artifact id: 'cfbfc9fb44b9180a9c9132658b33a289') in 0.091525 seconds 
Number of asset objects unloaded after import = 4
========================================================================
Received Prepare
Trying to reload asset but can't find object on disk
Trying to reload asset but can't find object on disk
Trying to reload asset but can't find object on disk
Trying to reload asset but can't find object on disk
Trying to reload asset but can't find object on disk
Trying to reload asset but can't find object on disk
Registering precompiled user dll's ...
Registered in 0.007417 seconds.
Begin MonoManager ReloadAssembly
Native extension for WindowsStandalone target not found
Native extension for Android target not found
Native extension for WebGL target not found
Refreshing native plugins compatible for Editor in 0.40 ms, found 3 plugins.
Preloading 0 native plugins for Editor in 0.00 ms.
[Package Manager] Server::EnsureServerProcessIsRunning -- launch failed, reason: Unity was launched with the -noUpm command-line argument
[Package Manager] Cannot connect to Unity Package Manager local server
Mono: successfully reloaded assembly
- Completed reload, in  1.100 seconds
Domain Reload Profiling:
	ReloadAssembly (1101ms)
		BeginReloadAssembly (115ms)
			ExecutionOrderSort (0ms)
			DisableScriptedObjects (3ms)
			BackupInstance (0ms)
			ReleaseScriptingObjects (0ms)
			CreateAndSetChildDomain (23ms)
		EndReloadAssembly (905ms)
			LoadAssemblies (82ms)
			RebuildTransferFunctionScriptingTraits (0ms)
			SetupTypeCache (180ms)
			ReleaseScriptCaches (1ms)
			RebuildScriptCaches (33ms)
			SetupLoadedEditorAssemblies (598ms)
				LogAssemblyErrors (0ms)
				InitializePlatformSupportModulesInManaged (23ms)
				SetLoadedEditorAssemblies (0ms)
				RefreshPlugins (0ms)
				BeforeProcessingInitializeOnLoad (45ms)
				ProcessInitializeOnLoadAttributes (506ms)
				ProcessInitializeOnLoadMethodAttributes (14ms)
				AfterProcessingInitializeOnLoad (9ms)
				EditorAssembliesLoaded (0ms)
			ExecutionOrderSort2 (0ms)
			AwakeInstancesAfterBackupRestoration (5ms)
Platform modules already initialized, skipping
Refreshing native plugins compatible for Editor in 0.34 ms, found 3 plugins.
Preloading 0 native plugins for Editor in 0.00 ms.
Unloading 3363 Unused Serialized files (Serialized files now loaded: 0)
Unloading 23 unused Assets / (21.9 KB). Loaded Objects now: 3967.
Memory consumption went from 119.8 MB to 119.7 MB.
Total: 1.890600 ms (FindLiveObjects: 0.171900 ms CreateObjectMapping: 0.076700 ms MarkObjects: 1.620700 ms  DeleteObjects: 0.019700 ms)

AssetImportParameters requested are different than current active one (requested -> active):
  custom:video-decoder-ogg-theora: a1e56fd34408186e4bbccfd4996cb3dc -> 
  custom:container-muxer-webm: aa71ff27fc2769a1b78a27578f13a17b -> 
  custom:container-demuxer-webm: 4f35f7cbe854078d1ac9338744f61a02 -> 
  custom:video-encoder-webm-vp8: eb34c28f22e8b96e1ab97ce403110664 -> 
  custom:CustomObjectIndexerAttribute: bc11b3a6c3213fcdd17b65e7da85e133 -> 
  custom:audio-encoder-webm-vorbis: bf7c407c2cedff20999df2af8eb42d56 -> 
  custom:framework-win-MediaFoundation: 216162199b28c13a410421893ffa2e32 -> 
  custom:SearchIndexIgnoredProperties: e643bd26f0fe6173181afceb89e7c659 -> 
  custom:container-demuxer-ogg: 62fdf1f143b41e24485cea50d1cbac27 -> 
  custom:video-decoder-webm-vp8: 9c59270c3fd7afecdb556c50c9e8de78 -> 
  custom:audio-decoder-ogg-vorbis: bf7c407c2cedff20999df2af8eb42d56 -> 
========================================================================
Received Prepare
Trying to reload asset but can't find object on disk
Trying to reload asset but can't find object on disk
Trying to reload asset but can't find object on disk
Trying to reload asset but can't find object on disk
Trying to reload asset but can't find object on disk
Trying to reload asset but can't find object on disk
Registering precompiled user dll's ...
Registered in 0.010977 seconds.
Begin MonoManager ReloadAssembly
Native extension for WindowsStandalone target not found
Native extension for Android target not found
Native extension for WebGL target not found
Refreshing native plugins compatible for Editor in 0.36 ms, found 3 plugins.
Preloading 0 native plugins for Editor in 0.00 ms.
[Package Manager] Server::EnsureServerProcessIsRunning -- launch failed, reason: Unity was launched with the -noUpm command-line argument
[Package Manager] Cannot connect to Unity Package Manager local server
Mono: successfully reloaded assembly
- Completed reload, in  1.076 seconds
Domain Reload Profiling:
	ReloadAssembly (1076ms)
		BeginReloadAssembly (112ms)
			ExecutionOrderSort (0ms)
			DisableScriptedObjects (4ms)
			BackupInstance (0ms)
			ReleaseScriptingObjects (0ms)
			CreateAndSetChildDomain (21ms)
		EndReloadAssembly (889ms)
			LoadAssemblies (77ms)
			RebuildTransferFunctionScriptingTraits (0ms)
			SetupTypeCache (157ms)
			ReleaseScriptCaches (1ms)
			RebuildScriptCaches (27ms)
			SetupLoadedEditorAssemblies (614ms)
				LogAssemblyErrors (0ms)
				InitializePlatformSupportModulesInManaged (20ms)
				SetLoadedEditorAssemblies (0ms)
				RefreshPlugins (0ms)
				BeforeProcessingInitializeOnLoad (50ms)
				ProcessInitializeOnLoadAttributes (516ms)
				ProcessInitializeOnLoadMethodAttributes (16ms)
				AfterProcessingInitializeOnLoad (11ms)
				EditorAssembliesLoaded (0ms)
			ExecutionOrderSort2 (0ms)
			AwakeInstancesAfterBackupRestoration (7ms)
Platform modules already initialized, skipping
Refreshing native plugins compatible for Editor in 0.59 ms, found 3 plugins.
Preloading 0 native plugins for Editor in 0.00 ms.
Unloading 3363 Unused Serialized files (Serialized files now loaded: 0)
Unloading 22 unused Assets / (21.9 KB). Loaded Objects now: 3970.
Memory consumption went from 119.8 MB to 119.8 MB.
Total: 1.832100 ms (FindLiveObjects: 0.153600 ms CreateObjectMapping: 0.067900 ms MarkObjects: 1.591500 ms  DeleteObjects: 0.018300 ms)

AssetImportParameters requested are different than current active one (requested -> active):
  custom:video-decoder-ogg-theora: a1e56fd34408186e4bbccfd4996cb3dc -> 
  custom:container-muxer-webm: aa71ff27fc2769a1b78a27578f13a17b -> 
  custom:container-demuxer-webm: 4f35f7cbe854078d1ac9338744f61a02 -> 
  custom:video-encoder-webm-vp8: eb34c28f22e8b96e1ab97ce403110664 -> 
  custom:CustomObjectIndexerAttribute: bc11b3a6c3213fcdd17b65e7da85e133 -> 
  custom:audio-encoder-webm-vorbis: bf7c407c2cedff20999df2af8eb42d56 -> 
  custom:framework-win-MediaFoundation: 216162199b28c13a410421893ffa2e32 -> 
  custom:SearchIndexIgnoredProperties: e643bd26f0fe6173181afceb89e7c659 -> 
  custom:container-demuxer-ogg: 62fdf1f143b41e24485cea50d1cbac27 -> 
  custom:video-decoder-webm-vp8: 9c59270c3fd7afecdb556c50c9e8de78 -> 
  custom:audio-decoder-ogg-vorbis: bf7c407c2cedff20999df2af8eb42d56 -> 
========================================================================
Received Import Request.
  Time since last request: 1017.930735 seconds.
  path: Assets/GameMain/UI/UIForms/MenuTestForm.prefab
  artifactKey: Guid(49df08c3bdc84e64db062fac0323df6b) Importer(815301076,1909f56bfc062723c751e8b465ee728b)
Number of updated assets reloaded before import = 0
Start importing Assets/GameMain/UI/UIForms/MenuTestForm.prefab using Guid(49df08c3bdc84e64db062fac0323df6b) Importer(815301076,1909f56bfc062723c751e8b465ee728b)  -> (artifact id: '5b4a4137991faf28653ffe7dcde32ee8') in 0.028222 seconds 
Number of asset objects unloaded after import = 24
